Workbook

Sheet SUMMARY
B2: =_xlfn.CONCAT("DAILY SUMMARY ",TEXT(B4,"dd-mmm-yy")) -> DAILY SUMMARY 29-Jul-26
B4: 46232 | C4: ← enter date here
B6: QTY (ton) | C6: =SUMIFS('Daily Ledger'!$F:$F,'Daily Ledger'!$A:$A,$B$4) -> 956.18
B7: Crusher Amount (₹) | C7: =SUMIFS('Daily Ledger'!$K:$K,'Daily Ledger'!$A:$A,$B$4) -> 778095.65
B8: SUN Quary Amount (₹) | C8: =SUMIFS('Daily Ledger'!$L:$L,'Daily Ledger'!$A:$A,$B$4) -> 607070
B9: Vehicle Rent (₹) | C9: =SUMIFS('Daily Ledger'!$O:$O,'Daily Ledger'!$A:$A,$B$4) -> 137756.05
B10: Pass QTY | C10: =SUMIFS('Daily Ledger'!$AQ:$AQ,'Daily Ledger'!$A:$A,$B$4) -> 603.13
B11: Pass Profit | C11: =SUMIFS('Daily Ledger'!$AR:$AR,'Daily Ledger'!$A:$A,$B$4) -> 13879.35
B12: WO Pass QTY | C12: =SUMIFS('Daily Ledger'!$AS:$AS,'Daily Ledger'!$A:$A,$B$4) -> 353.05
B13: WO Pass Profit | C13: =SUMIFS('Daily Ledger'!$AT:$AT,'Daily Ledger'!$A:$A,$B$4) -> 19390.25
B14: Monthly Discount qty | C14: =SUMIFS('Daily Ledger'!$AU:$AU,'Daily Ledger'!$A:$A,$B$4) -> 386.58
B15: Monthly Discount (₹) | C15: =SUMIFS('Daily Ledger'!$AV:$AV,'Daily Ledger'!$A:$A,$B$4) -> 7731.6
B17: Crusher | C17: Amount (₹) | D17: Quantity (Ton)
B18: Outside site No Profit | C18: =SUMIFS('Daily Ledger'!$K:$K,'Daily Ledger'!$A:$A,$B$4,'Daily Ledger'!$C:$C,$B18) -> 0 | D18: =SUMIFS('Daily Ledger'!$F:$F,'Daily Ledger'!$A:$A,$B$4,'Daily Ledger'!$C:$C,$B18) -> 0
B19: MR Granites | C19: =SUMIFS('Daily Ledger'!$K:$K,'Daily Ledger'!$A:$A,$B$4,'Daily Ledger'!$C:$C,$B19) -> 112650.75 | D19: =SUMIFS('Daily Ledger'!$F:$F,'Daily Ledger'!$A:$A,$B$4,'Daily Ledger'!$C:$C,$B19) -> 166.89
B20: AVK | C20: =SUMIFS('Daily Ledger'!$K:$K,'Daily Ledger'!$A:$A,$B$4,'Daily Ledger'!$C:$C,$B20) -> 250083 | D20: =SUMIFS('Daily Ledger'!$F:$F,'Daily Ledger'!$A:$A,$B$4,'Daily Ledger'!$C:$C,$B20) -> 277.87
B21: AM Crusher | C21: =SUMIFS('Daily Ledger'!$K:$K,'Daily Ledger'!$A:$A,$B$4,'Daily Ledger'!$C:$C,$B21) -> 0 | D21: =SUMIFS('Daily Ledger'!$F:$F,'Daily Ledger'!$A:$A,$B$4,'Daily Ledger'!$C:$C,$B21) -> 0
B22: Al Falah metal crusher | C22: =SUMIFS('Daily Ledger'!$K:$K,'Daily Ledger'!$A:$A,$B$4,'Daily Ledger'!$C:$C,$B22) -> 168884.4 | D22: =SUMIFS('Daily Ledger'!$F:$F,'Daily Ledger'!$A:$A,$B$4,'Daily Ledger'!$C:$C,$B22) -> 194.12
B23: Desinganad crusher | C23: =SUMIFS('Daily Ledger'!$K:$K,'Daily Ledger'!$A:$A,$B$4,'Daily Ledger'!$C:$C,$B23) -> 141312.5 | D23: =SUMIFS('Daily Ledger'!$F:$F,'Daily Ledger'!$A:$A,$B$4,'Daily Ledger'!$C:$C,$B23) -> 161.5
B24: Desinganad MR own crusher | C24: =SUMIFS('Daily Ledger'!$K:$K,'Daily Ledger'!$A:$A,$B$4,'Daily Ledger'!$C:$C,$B24) -> 57192.75 | D24: =SUMIFS('Daily Ledger'!$F:$F,'Daily Ledger'!$A:$A,$B$4,'Daily Ledger'!$C:$C,$B24) -> 84.73
B25: Mavila crusher | C25: =SUMIFS('Daily Ledger'!$K:$K,'Daily Ledger'!$A:$A,$B$4,'Daily Ledger'!$C:$C,$B25) -> 0 | D25: =SUMIFS('Daily Ledger'!$F:$F,'Daily Ledger'!$A:$A,$B$4,'Daily Ledger'!$C:$C,$B25) -> 0
B26: Thangalathu Crusher | C26: =SUMIFS('Daily Ledger'!$K:$K,'Daily Ledger'!$A:$A,$B$4,'Daily Ledger'!$C:$C,$B26) -> 0 | D26: =SUMIFS('Daily Ledger'!$F:$F,'Daily Ledger'!$A:$A,$B$4,'Daily Ledger'!$C:$C,$B26) -> 0
B27: Arun Kaavuvila | C27: =SUMIFS('Daily Ledger'!$K:$K,'Daily Ledger'!$A:$A,$B$4,'Daily Ledger'!$C:$C,$B27) -> 0 | D27: =SUMIFS('Daily Ledger'!$F:$F,'Daily Ledger'!$A:$A,$B$4,'Daily Ledger'!$C:$C,$B27) -> 0
B28: Police Mahesh | C28: =SUMIFS('Daily Ledger'!$K:$K,'Daily Ledger'!$A:$A,$B$4,'Daily Ledger'!$C:$C,$B28) -> 0 | D28: =SUMIFS('Daily Ledger'!$F:$F,'Daily Ledger'!$A:$A,$B$4,'Daily Ledger'!$C:$C,$B28) -> 0
B29: MR Oyoor | C29: =SUMIFS('Daily Ledger'!$K:$K,'Daily Ledger'!$A:$A,$B$4,'Daily Ledger'!$C:$C,$B29) -> 47972.25 | D29: =SUMIFS('Daily Ledger'!$F:$F,'Daily Ledger'!$A:$A,$B$4,'Daily Ledger'!$C:$C,$B29) -> 71.07
... B31: Kochammini | C31: =SUMIFS('Daily Ledger'!$K:$K,'Daily Ledger'!$A:$A,$B$4,'Daily Ledger'!$C:$C,$B31) -> 0 | D31: =SUMIFS('Daily Ledger'!$F:$F,'Daily Ledger'!$A:$A,$B$4,'Daily Ledger'!$C:$C,$B31) -> 0

Sheet Vehicle Rent
B2: =_xlfn.CONCAT("VEHICLE RENT ",TEXT(B4,"dd-mmm-yy")) -> VEHICLE RENT 29-Jul-26
B4: 46232 | C4: ← enter date here
B6: Vehicle Number | C6: Owner Name | D6: Trips | E6: Total Qty (ton) | F6: Total Rent (₹)
B7: KL 05 AS 7477 | C7: =IFERROR(VLOOKUP($B7,Legend!$B$20:$C$126,2,FALSE()),"") -> Sooraj | D7: =COUNTIFS('Daily Ledger'!$M:$M,$B7,'Daily Ledger'!$A:$A,$B$4) -> 1 | E7: =SUMIFS('Daily Ledger'!$F:$F,'Daily Ledger'!$M:$M,$B7,'Daily Ledger'!$A:$A,$B$4) -> 33.53 | F7: =SUMIFS('Daily Ledger'!$O:$O,'Daily Ledger'!$M:$M,$B7,'Daily Ledger'!$A:$A,$B$4) -> 7208.95
B8: KL 02 BG 3968 | C8: =IFERROR(VLOOKUP($B8,Legend!$B$20:$C$126,2,FALSE()),"") -> Police | D8: =COUNTIFS('Daily Ledger'!$M:$M,$B8,'Daily Ledger'!$A:$A,$B$4) -> 0 | E8: =SUMIFS('Daily Ledger'!$F:$F,'Daily Ledger'!$M:$M,$B8,'Daily Ledger'!$A:$A,$B$4) -> 0 | F8: =SUMIFS('Daily Ledger'!$O:$O,'Daily Ledger'!$M:$M,$B8,'Daily Ledger'!$A:$A,$B$4) -> 0
B9: KL 21 U 5340 | C9: =IFERROR(VLOOKUP($B9,Legend!$B$20:$C$126,2,FALSE()),"") -> Arun 5340 | D9: =COUNTIFS('Daily Ledger'!$M:$M,$B9,'Daily Ledger'!$A:$A,$B$4) -> 0 | E9: =SUMIFS('Daily Ledger'!$F:$F,'Daily Ledger'!$M:$M,$B9,'Daily Ledger'!$A:$A,$B$4) -> 0 | F9: =SUMIFS('Daily Ledger'!$O:$O,'Daily Ledger'!$M:$M,$B9,'Daily Ledger'!$A:$A,$B$4) -> 0
B10: KL 40 Q 3885 | C10: =IFERROR(VLOOKUP($B10,Legend!$B$20:$C$126,2,FALSE()),"") -> Achu 3885 | D10: =COUNTIFS('Daily Ledger'!$M:$M,$B10,'Daily Ledger'!$A:$A,$B$4) -> 0 | E10: =SUMIFS('Daily Ledger'!$F:$F,'Daily Ledger'!$M:$M,$B10,'Daily Ledger'!$A:$A,$B$4) -> 0 | F10: =SUMIFS('Daily Ledger'!$O:$O,'Daily Ledger'!$M:$M,$B10,'Daily Ledger'!$A:$A,$B$4) -> 0
B11: Kl 25 Q 5299 | C11: =IFERROR(VLOOKUP($B11,Legend!$B$20:$C$126,2,FALSE()),"") -> Kochammini own | D11: =COUNTIFS('Daily Ledger'!$M:$M,$B11,'Daily Ledger'!$A:$A,$B$4) -> 0 | E11: =SUMIFS('Daily Ledger'!$F:$F,'Daily Ledger'!$M:$M,$B11,'Daily Ledger'!$A:$A,$B$4) -> 0 | F11: =SUMIFS('Daily Ledger'!$O:$O,'Daily Ledger'!$M:$M,$B11,'Daily Ledger'!$A:$A,$B$4) -> 0
B12: KL 07 CP 9255 | C12: =IFERROR(VLOOKUP($B12,Legend!$B$20:$C$126,2,FALSE()),"") -> Ajin Rameshan | D12: =COUNTIFS('Daily Ledger'!$M:$M,$B12,'Daily Ledger'!$A:$A,$B$4) -> 2 | E12: =SUMIFS('Daily Ledger'!$F:$F,'Daily Ledger'!$M:$M,$B12,'Daily Ledger'!$A:$A,$B$4) -> 61.38 | F12: =SUMIFS('Daily Ledger'!$O:$O,'Daily Ledger'!$M:$M,$B12,'Daily Ledger'!$A:$A,$B$4) -> 13196.5
B13: Kl 40 H 4079 | C13: =IFERROR(VLOOKUP($B13,Legend!$B$20:$C$126,2,FALSE()),"") -> Police | D13: =COUNTIFS('Daily Ledger'!$M:$M,$B13,'Daily Ledger'!$A:$A,$B$4) -> 0 | E13: =SUMIFS('Daily Ledger'!$F:$F,'Daily Ledger'!$M:$M,$B13,'Daily Ledger'!$A:$A,$B$4) -> 0 | F13: =SUMIFS('Daily Ledger'!$O:$O,'Daily Ledger'!$M:$M,$B13,'Daily Ledger'!$A:$A,$B$4) -> 0
B14: KL 14 AA 3499 | C14: =IFERROR(VLOOKUP($B14,Legend!$B$20:$C$126,2,FALSE()),"") -> ANI AVK | D14: =COUNTIFS('Daily Ledger'!$M:$M,$B14,'Daily Ledger'!$A:$A,$B$4) -> 2 | E14: =SUMIFS('Daily Ledger'!$F:$F,'Daily Ledger'!$M:$M,$B14,'Daily Ledger'!$A:$A,$B$4) -> 66.79 | F14: =SUMIFS('Daily Ledger'!$O:$O,'Daily Ledger'!$M:$M,$B14,'Daily Ledger'!$A:$A,$B$4) -> 15027.75
B15: KL 05 AL 8530 | C15: =IFERROR(VLOOKUP($B15,Legend!$B$20:$C$126,2,FALSE()),"") | D15: =COUNTIFS('Daily Ledger'!$M:$M,$B15,'Daily Ledger'!$A:$A,$B$4) -> 0 | E15: =SUMIFS('Daily Ledger'!$F:$F,'Daily Ledger'!$M:$M,$B15,'Daily Ledger'!$A:$A,$B$4) -> 0 | F15: =SUMIFS('Daily Ledger'!$O:$O,'Daily Ledger'!$M:$M,$B15,'Daily Ledger'!$A:$A,$B$4) -> 0
B16: KL 26 F 9304 | C16: =IFERROR(VLOOKUP($B16,Legend!$B$20:$C$126,2,FALSE()),"") | D16: =COUNTIFS('Daily Ledger'!$M:$M,$B16,'Daily Ledger'!$A:$A,$B$4) -> 0 | E16: =SUMIFS('Daily Ledger'!$F:$F,'Daily Ledger'!$M:$M,$B16,'Daily Ledger'!$A:$A,$B$4) -> 0 | F16: =SUMIFS('Daily Ledger'!$O:$O,'Daily Ledger'!$M:$M,$B16,'Daily Ledger'!$A:$A,$B$4) -> 0
B17: KL 02 BS 9636 | C17: =IFERROR(VLOOKUP($B17,Legend!$B$20:$C$126,2,FALSE()),"") | D17: =COUNTIFS('Daily Ledger'!$M:$M,$B17,'Daily Ledger'!$A:$A,$B$4) -> 0 | E17: =SUMIFS('Daily Ledger'!$F:$F,'Daily Ledger'!$M:$M,$B17,'Daily Ledger'!$A:$A,$B$4) -> 0 | F17: =SUMIFS('Daily Ledger'!$O:$O,'Daily Ledger'!$M:$M,$B17,'Daily Ledger'!$A:$A,$B$4) -> 0
B18: KL 23 R 832 | C18: =IFERROR(VLOOKUP($B18,Legend!$B$20:$C$126,2,FALSE()),"") | D18: =COUNTIFS('Daily Ledger'!$M:$M,$B18,'Daily Ledger'!$A:$A,$B$4) -> 0 | E18: =SUMIFS('Daily Ledger'!$F:$F,'Daily Ledger'!$M:$M,$B18,'Daily Ledger'!$A:$A,$B$4) -> 0 | F18: =SUMIFS('Daily Ledger'!$O:$O,'Daily Ledger'!$M:$M,$B18,'Daily Ledger'!$A:$A,$B$4) -> 0
... B34: KL 16 Y 6260 | C34: =IFERROR(VLOOKUP($B34,Legend!$B$20:$C$126,2,FALSE()),"") | D34: =COUNTIFS('Daily Ledger'!$M:$M,$B34,'Daily Ledger'!$A:$A,$B$4) -> 1 | E34: =SUMIFS('Daily Ledger'!$F:$F,'Daily Ledger'!$M:$M,$B34,'Daily Ledger'!$A:$A,$B$4) -> 31.9 | F34: =SUMIFS('Daily Ledger'!$O:$O,'Daily Ledger'!$M:$M,$B34,'Daily Ledger'!$A:$A,$B$4) -> 6858.5
B35: Total | D35: =SUM(D7:D34) -> 32 | E35: =SUM(E7:E34) -> 956.18 | F35: =SUM(F7:F34) -> 137756.05

Sheet Legend
B1: Rate Chart | E1: Crusher | F1: Type | G1: Quary | H1: Vehicle Rent | I1: Crusher
B2: Fayas Monthly Discount | C2: 20 | E2: MR Granites | F2: Pass | G2: 650 | H2: 0 | I2: 675
E3: MR Granites | F3: WO Pass | G3: 610 | H3: 0 | I3: 675
E4: Kochammini | F4: Pass | G4: 640 | H4: 0 | I4: 645
E5: Kochammini | F5: WO Pass | G5: 610 | H5: 0 | I5: 645
E6: Mavila crusher | F6: Pass | G6: 640 | I6: 675
E7: Mavila crusher | F7: WO Pass | G7: 610 | H7: 0 | I7: 675
E8: Desinganad crusher | F8: Pass | G8: 650 | H8: 210 | I8: 875
E9: Desinganad crusher | F9: WO Pass | G9: 610 | H9: 210 | I9: 875
E10: Desinganad MR own crusher | F10: Pass | G10: 650 | I10: 675
E11: Desinganad MR own crusher | F11: WO Pass | G11: 610 | I11: 675
E12: Outside site No Profit | G12: 700 | I12: 700
E13: AVK | F13: Pass | G13: 650 | H13: 250 | I13: 900
E14: AVK | F14: WO Pass | G14: 610 | H14: 250 | I14: 900
E15: AM Crusher | F15: Pass | G15: 640 | H15: 220 | I15: 900
E16: Al Falah metal crusher | F16: Pass | G16: 640 | H16: 215 | I16: 870
E17: Al Falah metal crusher | F17: WO Pass | G17: 610 | H17: 215 | I17: 870
E18: Thangalathu Crusher | F18: Pass | G18: 640 | H18: 210 | I18: 850
B19: Vehicle Number | C19: Name | E19: Thangalathu Crusher | F19: WO Pass | G19: 610 | H19: 210 | I19: 850
B20: KL 21 U 5340 | C20: Arun 5340 | E20: Arun Kaavuvila | F20: Pass | G20: 640 | H20: 0 | I20: 700
B21: KL 05 AS 7477 | C21: Sooraj | E21: Arun Kaavuvila | F21: WO Pass | G21: 610 | H21: 0 | I21: 650
B22: KL 55 U 6040 | C22: Arun JP | E22: Police Mahesh | F22: Pass | G22: 640 | H22: 0 | I22: 650
B23: KL 37 C 6064 | C23: Prashanth | E23: Police Mahesh | F23: WO Pass | G23: 610 | H23: 0 | I23: 650
B24: KL 51 M 6466 | C24: Sreenandanam | E24: MR Oyoor | F24: Pass | G24: 640 | H24: 220 | I24: 900
B25: KL32T5450 | C25: Brittoli | E25: MR Oyoor | F25: WO Pass | G25: 610 | H25: 220 | I25: 900
B26: KL22T9318 | C26: Kulathinkara Own
B27: KL22U1246 | C27: Kulathinkara Own | E27: Note: Quary rates (Pass ₹650 / WO Pass ₹610) and crusher rates derived from the 29-Jul-26 ledger photos. Al Falah Pass rows used quary ₹640 that day.
B28: KL22T9364 | C28: Kulathinkara Own
B29: KL22T9297 | C29: Kulathinkara Own
B30: KL22T9334 | C30: Kulathinkara Own
B31: KL02BA4183 | C31: SS Own
B32: KL 02 BY 0313 | C32: SS Own
B33: KL 02 BD 8082 | C33: SS Own
B34: KL 33 M 2074 | C34: SS Own
B35: KL02BZ3326 | C35: SS Own
B36: KL 16 X 5898 | C36: Aju Ziyad
B37: KL 02 BG 3968 | C37: Police
B38: KL 04 AN 2804 | C38: Abhilash
B39: KL 16 T 4621 | C39: Abhilash
... B126: KL 05 AS 7477 | C126: Sooraj

Sheet Daily Ledger
P1: Outside site No Profit | Q1: MR Granites | S1: AVK | U1: AM Crusher | W1: Al Falah metal crusher | Y1: Desinganad crusher | AA1: Desinganad MR own crusher | AC1: Mavila crusher | AE1: Thangalathu Crusher | AG1: Arun Kaavuvila | AI1: Police Mahesh | AK1: MR Oyoor | AM1: Sooraj | AO1: Kochammini | AQ1: Pass | AS1: WO Pass
A2: Date | B2: Item Name | C2: Crusher | D2: Pass/with out pass | E2: Index Number | F2: QTY (ton) | G2: Quary Rate | H2: Crusher Rate | I2: Vehicle Rent rate | J2: Monthly Commission Rate | K2: Crusher Amount | L2: SUN Quary Amount (₹) | M2: Vehicle number | N2: Vehicle Ton | O2: Vehicle Rent | P2: Titan Rocks Old Crusher Amount (₹) | Q2: MR Granites Crusher Amount (₹) | R2: MR Granites Crusher Quantity (Ton) | S2: AVK Crusher Amount (₹) | T2: AVK Crusher Quantity (Ton) | U2: AM Crusher Crusher Amount (₹) | V2: AM Crusher Crusher Quantity (Ton) | W2: Al Falah metal crusher Crusher Amount (₹) | X2: Al Falah metal crusher Crusher Quantity (Ton) | Y2: Desinganad crusher Crusher Amount (₹) | Z2: Desinganad crusher Crusher Quantity (Ton) | AA2: Desinganad MR own crusher Crusher Amount (₹) | AB2: Desinganad MR own crusher Crusher Quantity (Ton) | AC2: Mavila crusher Crusher Amount (₹) | AD2: Mavila crusher Crusher Quantity (Ton) | AE2: Thangalathu Crusher Crusher Amount (₹) | AF2: Thangalathu Crusher Crusher Quantity (Ton) | AG2: Arun Kaavuvila Crusher Amount (₹) | AH2: Arun Kaavuvila Crusher Quantity (Ton) | AI2: Police Mahesh Crusher Amount (₹) | AJ2: Police Mahesh Crusher Quantity (Ton) | AK2: MR Oyoor Crusher Amount (₹) | AL2: MR Oyoor Crusher Quantity (Ton) | AM2: Sooraj Crusher Amount (₹) | AN2: Sooraj Crusher Quantity (Ton) | AO2: Kochammini Crusher Amount (₹) | AP2: Kochammini Crusher Quantity (Ton) | AQ2: Pass QTY | AR2: Pass Profit | AS2: WO Pass QTY | AT2: WO Pass Profit | AU2: Monthly Discount qty | AV2: Monthly Discount
A3: 45975 | B3: Rock | C3: Kochammini | D3: Pass | E3: 1 | F3: 33.375 | G3: 640 | H3: 645 | I3: 0 | J3: 20 | K3: =IF($F3="","",$F3*$H3) -> 21526.875 | L3: =IFERROR(ROUND($F3*$G3,-1),"") -> 21360 | N3: =IF($F3="","",IF(N($I3)>0,$F3,0)) -> 0 | O3: =IF($F3="","",N($N3)*N($I3)) -> 0 | P3: =IF(OR($C3=P$1,$C3="Titan Rocks"),$K3,"") | Q3: =IF($C3=Q$1,$K3,"") | R3: =IF($C3=Q$1,$F3,"") | S3: =IF($C3=S$1,$K3,"") | T3: =IF($C3=S$1,$F3,"") | U3: =IF($C3=U$1,$K3,"") | V3: =IF($C3=U$1,$F3,"") | W3: =IF($C3=W$1,$K3,"") | X3: =IF($C3=W$1,$F3,"") | Y3: =IF($C3=Y$1,$K3,"") | Z3: =IF($C3=Y$1,$F3,"") | AA3: =IF($C3=AA$1,$K3,"") | AB3: =IF($C3=AA$1,$F3,"") | AC3: =IF($C3=AC$1,$K3,"") | AD3: =IF($C3=AC$1,$F3,"") | AE3: =IF($C3=AE$1,$K3,"") | AF3: =IF($C3=AE$1,$F3,"") | AG3: =IF($C3=AG$1,$K3,"") | AH3: =IF($C3=AG$1,$F3,"") | AI3: =IF($C3=AI$1,$K3,"") | AJ3: =IF($C3=AI$1,$F3,"") | AK3: =IF($C3=AK$1,$K3,"") | AL3: =IF($C3=AK$1,$F3,"") | AM3: =IF($C3=AM$1,$K3,"") | AN3: =IF($C3=AM$1,$F3,"") | AO3: =IF($C3=AO$1,$K3,"") -> 21526.875 | AP3: =IF($C3=AO$1,$F3,"") -> 33.375 | AQ3: =IF($F3="",0,IF($D3=AQ$1,$F3,0)) -> 33.375 | AR3: =IF($D3=AQ$1,N($K3)-N($L3)-N($O3),0) -> 166.875 | AS3: =IF($F3="",0,IF($D3=AS$1,$F3,0)) -> 0 | AT3: =IF($D3=AS$1,N($K3)-N($L3)-N($O3),0) -> 0 | AU3: =IF(N($J3)>0,N($F3),0) -> 33.375 | AV3: =IF(N($J3)>0,$F3*$J3,0) -> 667.5
A4: 45975 | B4: Rock | C4: Kochammini | D4: WO Pass | E4: =E3+1 -> 2 | F4: 29.02 | G4: 610 | H4: 645 | I4: 0 | J4: 20 | K4: =IF($F4="","",$F4*$H4) -> 18717.9 | L4: =IFERROR(ROUND($F4*$G4,-1),"") -> 17700 | N4: =IF($F4="","",IF(N($I4)>0,$F4,0)) -> 0 | O4: =IF($F4="","",N($N4)*N($I4)) -> 0 | P4: =IF(OR($C4=P$1,$C4="Titan Rocks"),$K4,"") | Q4: =IF($C4=Q$1,$K4,"") | R4: =IF($C4=Q$1,$F4,"") | S4: =IF($C4=S$1,$K4,"") | T4: =IF($C4=S$1,$F4,"") | U4: =IF($C4=U$1,$K4,"") | V4: =IF($C4=U$1,$F4,"") | W4: =IF($C4=W$1,$K4,"") | X4: =IF($C4=W$1,$F4,"") | Y4: =IF($C4=Y$1,$K4,"") | Z4: =IF($C4=Y$1,$F4,"") | AA4: =IF($C4=AA$1,$K4,"") | AB4: =IF($C4=AA$1,$F4,"") | AC4: =IF($C4=AC$1,$K4,"") | AD4: =IF($C4=AC$1,$F4,"") | AE4: =IF($C4=AE$1,$K4,"") | AF4: =IF($C4=AE$1,$F4,"") | AG4: =IF($C4=AG$1,$K4,"") | AH4: =IF($C4=AG$1,$F4,"") | AI4: =IF($C4=AI$1,$K4,"") | AJ4: =IF($C4=AI$1,$F4,"") | AK4: =IF($C4=AK$1,$K4,"") | AL4: =IF($C4=AK$1,$F4,"") | AM4: =IF($C4=AM$1,$K4,"") | AN4: =IF($C4=AM$1,$F4,"") | AO4: =IF($C4=AO$1,$K4,"") -> 18717.9 | AP4: =IF($C4=AO$1,$F4,"") -> 29.02 | AQ4: =IF($F4="",0,IF($D4=AQ$1,$F4,0)) -> 0 | AR4: =IF($D4=AQ$1,N($K4)-N($L4)-N($O4),0) -> 0 | AS4: =IF($F4="",0,IF($D4=AS$1,$F4,0)) -> 29.02 | AT4: =IF($D4=AS$1,N($K4)-N($L4)-N($O4),0) -> 1017.9 | AU4: =IF(N($J4)>0,N($F4),0) -> 29.02 | AV4: =IF(N($J4)>0,$F4*$J4,0) -> 580.4
A5: 45975 | B5: Rock | C5: Kochammini | D5: WO Pass | E5: =E4+1 -> 3 | F5: 30.62 | G5: 610 | H5: 645 | I5: 0 | J5: 20 | K5: =IF($F5="","",$F5*$H5) -> 19749.9 | L5: =IFERROR(ROUND($F5*$G5,-1),"") -> 18680 | N5: =IF($F5="","",IF(N($I5)>0,$F5,0)) -> 0 | O5: =IF($F5="","",N($N5)*N($I5)) -> 0 | P5: =IF(OR($C5=P$1,$C5="Titan Rocks"),$K5,"") | Q5: =IF($C5=Q$1,$K5,"") | R5: =IF($C5=Q$1,$F5,"") | S5: =IF($C5=S$1,$K5,"") | T5: =IF($C5=S$1,$F5,"") | U5: =IF($C5=U$1,$K5,"") | V5: =IF($C5=U$1,$F5,"") | W5: =IF($C5=W$1,$K5,"") | X5: =IF($C5=W$1,$F5,"") | Y5: =IF($C5=Y$1,$K5,"") | Z5: =IF($C5=Y$1,$F5,"") | AA5: =IF($C5=AA$1,$K5,"") | AB5: =IF($C5=AA$1,$F5,"") | AC5: =IF($C5=AC$1,$K5,"") | AD5: =IF($C5=AC$1,$F5,"") | AE5: =IF($C5=AE$1,$K5,"") | AF5: =IF($C5=AE$1,$F5,"") | AG5: =IF($C5=AG$1,$K5,"") | AH5: =IF($C5=AG$1,$F5,"") | AI5: =IF($C5=AI$1,$K5,"") | AJ5: =IF($C5=AI$1,$F5,"") | AK5: =IF($C5=AK$1,$K5,"") | AL5: =IF($C5=AK$1,$F5,"") | AM5: =IF($C5=AM$1,$K5,"") | AN5: =IF($C5=AM$1,$F5,"") | AO5: =IF($C5=AO$1,$K5,"") -> 19749.9 | AP5: =IF($C5=AO$1,$F5,"") -> 30.62 | AQ5: =IF($F5="",0,IF($D5=AQ$1,$F5,0)) -> 0 | AR5: =IF($D5=AQ$1,N($K5)-N($L5)-N($O5),0) -> 0 | AS5: =IF($F5="",0,IF($D5=AS$1,$F5,0)) -> 30.62 | AT5: =IF($D5=AS$1,N($K5)-N($L5)-N($O5),0) -> 1069.9 | AU5: =IF(N($J5)>0,N($F5),0) -> 30.62 | AV5: =IF(N($J5)>0,$F5*$J5,0) -> 612.4
A6: 45978 | B6: Rock | C6: Kochammini | D6: Pass | E6: =E5+1 -> 4 | F6: 29.44 | G6: 640 | H6: 645 | I6: 0 | J6: 20 | K6: =IF($F6="","",$F6*$H6) -> 18988.8 | L6: =IFERROR(ROUND($F6*$G6,-1),"") -> 18840 | N6: =IF($F6="","",IF(N($I6)>0,$F6,0)) -> 0 | O6: =IF($F6="","",N($N6)*N($I6)) -> 0 | P6: =IF(OR($C6=P$1,$C6="Titan Rocks"),$K6,"") | Q6: =IF($C6=Q$1,$K6,"") | R6: =IF($C6=Q$1,$F6,"") | S6: =IF($C6=S$1,$K6,"") | T6: =IF($C6=S$1,$F6,"") | U6: =IF($C6=U$1,$K6,"") | V6: =IF($C6=U$1,$F6,"") | W6: =IF($C6=W$1,$K6,"") | X6: =IF($C6=W$1,$F6,"") | Y6: =IF($C6=Y$1,$K6,"") | Z6: =IF($C6=Y$1,$F6,"") | AA6: =IF($C6=AA$1,$K6,"") | AB6: =IF($C6=AA$1,$F6,"") | AC6: =IF($C6=AC$1,$K6,"") | AD6: =IF($C6=AC$1,$F6,"") | AE6: =IF($C6=AE$1,$K6,"") | AF6: =IF($C6=AE$1,$F6,"") | AG6: =IF($C6=AG$1,$K6,"") | AH6: =IF($C6=AG$1,$F6,"") | AI6: =IF($C6=AI$1,$K6,"") | AJ6: =IF($C6=AI$1,$F6,"") | AK6: =IF($C6=AK$1,$K6,"") | AL6: =IF($C6=AK$1,$F6,"") | AM6: =IF($C6=AM$1,$K6,"") | AN6: =IF($C6=AM$1,$F6,"") | AO6: =IF($C6=AO$1,$K6,"") -> 18988.8 | AP6: =IF($C6=AO$1,$F6,"") -> 29.44 | AQ6: =IF($F6="",0,IF($D6=AQ$1,$F6,0)) -> 29.44 | AR6: =IF($D6=AQ$1,N($K6)-N($L6)-N($O6),0) -> 148.8 | AS6: =IF($F6="",0,IF($D6=AS$1,$F6,0)) -> 0 | AT6: =IF($D6=AS$1,N($K6)-N($L6)-N($O6),0) -> 0 | AU6: =IF(N($J6)>0,N($F6),0) -> 29.44 | AV6: =IF(N($J6)>0,$F6*$J6,0) -> 588.8
A7: 45978 | B7: Rock | C7: Kochammini | D7: Pass | E7: =E6+1 -> 5 | F7: 31.16 | G7: 640 | H7: 645 | I7: 0 | J7: 20 | K7: =IF($F7="","",$F7*$H7) -> 20098.2 | L7: =IFERROR(ROUND($F7*$G7,-1),"") -> 19940 | N7: =IF($F7="","",IF(N($I7)>0,$F7,0)) -> 0 | O7: =IF($F7="","",N($N7)*N($I7)) -> 0 | P7: =IF(OR($C7=P$1,$C7="Titan Rocks"),$K7,"") | Q7: =IF($C7=Q$1,$K7,"") | R7: =IF($C7=Q$1,$F7,"") | S7: =IF($C7=S$1,$K7,"") | T7: =IF($C7=S$1,$F7,"") | U7: =IF($C7=U$1,$K7,"") | V7: =IF($C7=U$1,$F7,"") | W7: =IF($C7=W$1,$K7,"") | X7: =IF($C7=W$1,$F7,"") | Y7: =IF($C7=Y$1,$K7,"") | Z7: =IF($C7=Y$1,$F7,"") | AA7: =IF($C7=AA$1,$K7,"") | AB7: =IF($C7=AA$1,$F7,"") | AC7: =IF($C7=AC$1,$K7,"") | AD7: =IF($C7=AC$1,$F7,"") | AE7: =IF($C7=AE$1,$K7,"") | AF7: =IF($C7=AE$1,$F7,"") | AG7: =IF($C7=AG$1,$K7,"") | AH7: =IF($C7=AG$1,$F7,"") | AI7: =IF($C7=AI$1,$K7,"") | AJ7: =IF($C7=AI$1,$F7,"") | AK7: =IF($C7=AK$1,$K7,"") | AL7: =IF($C7=AK$1,$F7,"") | AM7: =IF($C7=AM$1,$K7,"") | AN7: =IF($C7=AM$1,$F7,"") | AO7: =IF($C7=AO$1,$K7,"") -> 20098.2 | AP7: =IF($C7=AO$1,$F7,"") -> 31.16 | AQ7: =IF($F7="",0,IF($D7=AQ$1,$F7,0)) -> 31.16 | AR7: =IF($D7=AQ$1,N($K7)-N($L7)-N($O7),0) -> 158.2 | AS7: =IF($F7="",0,IF($D7=AS$1,$F7,0)) -> 0 | AT7: =IF($D7=AS$1,N($K7)-N($L7)-N($O7),0) -> 0 | AU7: =IF(N($J7)>0,N($F7),0) -> 31.16 | AV7: =IF(N($J7)>0,$F7*$J7,0) -> 623.2
A8: 45978 | B8: Rock | C8: Kochammini | D8: WO Pass | E8: =E7+1 -> 6 | F8: 28.58 | G8: 610 | H8: 645 | I8: 0 | J8: 20 | K8: =IF($F8="","",$F8*$H8) -> 18434.1 | L8: =IFERROR(ROUND($F8*$G8,-1),"") -> 17430 | N8: =IF($F8="","",IF(N($I8)>0,$F8,0)) -> 0 | O8: =IF($F8="","",N($N8)*N($I8)) -> 0 | P8: =IF(OR($C8=P$1,$C8="Titan Rocks"),$K8,"") | Q8: =IF($C8=Q$1,$K8,"") | R8: =IF($C8=Q$1,$F8,"") | S8: =IF($C8=S$1,$K8,"") | T8: =IF($C8=S$1,$F8,"") | U8: =IF($C8=U$1,$K8,"") | V8: =IF($C8=U$1,$F8,"") | W8: =IF($C8=W$1,$K8,"") | X8: =IF($C8=W$1,$F8,"") | Y8: =IF($C8=Y$1,$K8,"") | Z8: =IF($C8=Y$1,$F8,"") | AA8: =IF($C8=AA$1,$K8,"") | AB8: =IF($C8=AA$1,$F8,"") | AC8: =IF($C8=AC$1,$K8,"") | AD8: =IF($C8=AC$1,$F8,"") | AE8: =IF($C8=AE$1,$K8,"") | AF8: =IF($C8=AE$1,$F8,"") | AG8: =IF($C8=AG$1,$K8,"") | AH8: =IF($C8=AG$1,$F8,"") | AI8: =IF($C8=AI$1,$K8,"") | AJ8: =IF($C8=AI$1,$F8,"") | AK8: =IF($C8=AK$1,$K8,"") | AL8: =IF($C8=AK$1,$F8,"") | AM8: =IF($C8=AM$1,$K8,"") | AN8: =IF($C8=AM$1,$F8,"") | AO8: =IF($C8=AO$1,$K8,"") -> 18434.1 | AP8: =IF($C8=AO$1,$F8,"") -> 28.58 | AQ8: =IF($F8="",0,IF($D8=AQ$1,$F8,0)) -> 0 | AR8: =IF($D8=AQ$1,N($K8)-N($L8)-N($O8),0) -> 0 | AS8: =IF($F8="",0,IF($D8=AS$1,$F8,0)) -> 28.58 | AT8: =IF($D8=AS$1,N($K8)-N($L8)-N($O8),0) -> 1004.1 | AU8: =IF(N($J8)>0,N($F8),0) -> 28.58 | AV8: =IF(N($J8)>0,$F8*$J8,0) -> 571.6
A9: 45978 | B9: Rock | C9: Kochammini | D9: WO Pass | E9: =E8+1 -> 7 | F9: 31.08 | G9: 610 | H9: 645 | I9: 0 | J9: 20 | K9: =IF($F9="","",$F9*$H9) -> 20046.6 | L9: =IFERROR(ROUND($F9*$G9,-1),"") -> 18960 | N9: =IF($F9="","",IF(N($I9)>0,$F9,0)) -> 0 | O9: =IF($F9="","",N($N9)*N($I9)) -> 0 | P9: =IF(OR($C9=P$1,$C9="Titan Rocks"),$K9,"") | Q9: =IF($C9=Q$1,$K9,"") | R9: =IF($C9=Q$1,$F9,"") | S9: =IF($C9=S$1,$K9,"") | T9: =IF($C9=S$1,$F9,"") | U9: =IF($C9=U$1,$K9,"") | V9: =IF($C9=U$1,$F9,"") | W9: =IF($C9=W$1,$K9,"") | X9: =IF($C9=W$1,$F9,"") | Y9: =IF($C9=Y$1,$K9,"") | Z9: =IF($C9=Y$1,$F9,"") | AA9: =IF($C9=AA$1,$K9,"") | AB9: =IF($C9=AA$1,$F9,"") | AC9: =IF($C9=AC$1,$K9,"") | AD9: =IF($C9=AC$1,$F9,"") | AE9: =IF($C9=AE$1,$K9,"") | AF9: =IF($C9=AE$1,$F9,"") | AG9: =IF($C9=AG$1,$K9,"") | AH9: =IF($C9=AG$1,$F9,"") | AI9: =IF($C9=AI$1,$K9,"") | AJ9: =IF($C9=AI$1,$F9,"") | AK9: =IF($C9=AK$1,$K9,"") | AL9: =IF($C9=AK$1,$F9,"") | AM9: =IF($C9=AM$1,$K9,"") | AN9: =IF($C9=AM$1,$F9,"") | AO9: =IF($C9=AO$1,$K9,"") -> 20046.6 | AP9: =IF($C9=AO$1,$F9,"") -> 31.08 | AQ9: =IF($F9="",0,IF($D9=AQ$1,$F9,0)) -> 0 | AR9: =IF($D9=AQ$1,N($K9)-N($L9)-N($O9),0) -> 0 | AS9: =IF($F9="",0,IF($D9=AS$1,$F9,0)) -> 31.08 | AT9: =IF($D9=AS$1,N($K9)-N($L9)-N($O9),0) -> 1086.6 | AU9: =IF(N($J9)>0,N($F9),0) -> 31.08 | AV9: =IF(N($J9)>0,$F9*$J9,0) -> 621.6
A10: 45978 | B10: Rock | C10: Kochammini | D10: WO Pass | E10: =E9+1 -> 8 | F10: 32.95 | G10: 610 | H10: 645 | I10: 0 | J10: 20 | K10: =IF($F10="","",$F10*$H10) -> 21252.75 | L10: =IFERROR(ROUND($F10*$G10,-1),"") -> 20100 | N10: =IF($F10="","",IF(N($I10)>0,$F10,0)) -> 0 | O10: =IF($F10="","",N($N10)*N($I10)) -> 0 | P10: =IF(OR($C10=P$1,$C10="Titan Rocks"),$K10,"") | Q10: =IF($C10=Q$1,$K10,"") | R10: =IF($C10=Q$1,$F10,"") | S10: =IF($C10=S$1,$K10,"") | T10: =IF($C10=S$1,$F10,"") | U10: =IF($C10=U$1,$K10,"") | V10: =IF($C10=U$1,$F10,"") | W10: =IF($C10=W$1,$K10,"") | X10: =IF($C10=W$1,$F10,"") | Y10: =IF($C10=Y$1,$K10,"") | Z10: =IF($C10=Y$1,$F10,"") | AA10: =IF($C10=AA$1,$K10,"") | AB10: =IF($C10=AA$1,$F10,"") | AC10: =IF($C10=AC$1,$K10,"") | AD10: =IF($C10=AC$1,$F10,"") | AE10: =IF($C10=AE$1,$K10,"") | AF10: =IF($C10=AE$1,$F10,"") | AG10: =IF($C10=AG$1,$K10,"") | AH10: =IF($C10=AG$1,$F10,"") | AI10: =IF($C10=AI$1,$K10,"") | AJ10: =IF($C10=AI$1,$F10,"") | AK10: =IF($C10=AK$1,$K10,"") | AL10: =IF($C10=AK$1,$F10,"") | AM10: =IF($C10=AM$1,$K10,"") | AN10: =IF($C10=AM$1,$F10,"") | AO10: =IF($C10=AO$1,$K10,"") -> 21252.75 | AP10: =IF($C10=AO$1,$F10,"") -> 32.95 | AQ10: =IF($F10="",0,IF($D10=AQ$1,$F10,0)) -> 0 | AR10: =IF($D10=AQ$1,N($K10)-N($L10)-N($O10),0) -> 0 | AS10: =IF($F10="",0,IF($D10=AS$1,$F10,0)) -> 32.95 | AT10: =IF($D10=AS$1,N($K10)-N($L10)-N($O10),0) -> 1152.75 | AU10: =IF(N($J10)>0,N($F10),0) -> 32.95 | AV10: =IF(N($J10)>0,$F10*$J10,0) -> 659
A11: 45978 | B11: Rock | C11: Kochammini | D11: WO Pass | E11: =E10+1 -> 9 | F11: 32.39 | G11: 610 | H11: 645 | I11: 0 | J11: 20 | K11: =IF($F11="","",$F11*$H11) -> 20891.55 | L11: =IFERROR(ROUND($F11*$G11,-1),"") -> 19760 | N11: =IF($F11="","",IF(N($I11)>0,$F11,0)) -> 0 | O11: =IF($F11="","",N($N11)*N($I11)) -> 0 | P11: =IF(OR($C11=P$1,$C11="Titan Rocks"),$K11,"") | Q11: =IF($C11=Q$1,$K11,"") | R11: =IF($C11=Q$1,$F11,"") | S11: =IF($C11=S$1,$K11,"") | T11: =IF($C11=S$1,$F11,"") | U11: =IF($C11=U$1,$K11,"") | V11: =IF($C11=U$1,$F11,"") | W11: =IF($C11=W$1,$K11,"") | X11: =IF($C11=W$1,$F11,"") | Y11: =IF($C11=Y$1,$K11,"") | Z11: =IF($C11=Y$1,$F11,"") | AA11: =IF($C11=AA$1,$K11,"") | AB11: =IF($C11=AA$1,$F11,"") | AC11: =IF($C11=AC$1,$K11,"") | AD11: =IF($C11=AC$1,$F11,"") | AE11: =IF($C11=AE$1,$K11,"") | AF11: =IF($C11=AE$1,$F11,"") | AG11: =IF($C11=AG$1,$K11,"") | AH11: =IF($C11=AG$1,$F11,"") | AI11: =IF($C11=AI$1,$K11,"") | AJ11: =IF($C11=AI$1,$F11,"") | AK11: =IF($C11=AK$1,$K11,"") | AL11: =IF($C11=AK$1,$F11,"") | AM11: =IF($C11=AM$1,$K11,"") | AN11: =IF($C11=AM$1,$F11,"") | AO11: =IF($C11=AO$1,$K11,"") -> 20891.55 | AP11: =IF($C11=AO$1,$F11,"") -> 32.39 | AQ11: =IF($F11="",0,IF($D11=AQ$1,$F11,0)) -> 0 | AR11: =IF($D11=AQ$1,N($K11)-N($L11)-N($O11),0) -> 0 | AS11: =IF($F11="",0,IF($D11=AS$1,$F11,0)) -> 32.39 | AT11: =IF($D11=AS$1,N($K11)-N($L11)-N($O11),0) -> 1131.55 | AU11: =IF(N($J11)>0,N($F11),0) -> 32.39 | AV11: =IF(N($J11)>0,$F11*$J11,0) -> 647.8
A12: 45978 | B12: Rock | C12: Kochammini | D12: WO Pass | E12: =E11+1 -> 10 | F12: 33.2 | G12: 610 | H12: 645 | I12: 0 | J12: 20 | K12: =IF($F12="","",$F12*$H12) -> 21414 | L12: =IFERROR(ROUND($F12*$G12,-1),"") -> 20250 | N12: =IF($F12="","",IF(N($I12)>0,$F12,0)) -> 0 | O12: =IF($F12="","",N($N12)*N($I12)) -> 0 | P12: =IF(OR($C12=P$1,$C12="Titan Rocks"),$K12,"") | Q12: =IF($C12=Q$1,$K12,"") | R12: =IF($C12=Q$1,$F12,"") | S12: =IF($C12=S$1,$K12,"") | T12: =IF($C12=S$1,$F12,"") | U12: =IF($C12=U$1,$K12,"") | V12: =IF($C12=U$1,$F12,"") | W12: =IF($C12=W$1,$K12,"") | X12: =IF($C12=W$1,$F12,"") | Y12: =IF($C12=Y$1,$K12,"") | Z12: =IF($C12=Y$1,$F12,"") | AA12: =IF($C12=AA$1,$K12,"") | AB12: =IF($C12=AA$1,$F12,"") | AC12: =IF($C12=AC$1,$K12,"") | AD12: =IF($C12=AC$1,$F12,"") | AE12: =IF($C12=AE$1,$K12,"") | AF12: =IF($C12=AE$1,$F12,"") | AG12: =IF($C12=AG$1,$K12,"") | AH12: =IF($C12=AG$1,$F12,"") | AI12: =IF($C12=AI$1,$K12,"") | AJ12: =IF($C12=AI$1,$F12,"") | AK12: =IF($C12=AK$1,$K12,"") | AL12: =IF($C12=AK$1,$F12,"") | AM12: =IF($C12=AM$1,$K12,"") | AN12: =IF($C12=AM$1,$F12,"") | AO12: =IF($C12=AO$1,$K12,"") -> 21414 | AP12: =IF($C12=AO$1,$F12,"") -> 33.2 | AQ12: =IF($F12="",0,IF($D12=AQ$1,$F12,0)) -> 0 | AR12: =IF($D12=AQ$1,N($K12)-N($L12)-N($O12),0) -> 0 | AS12: =IF($F12="",0,IF($D12=AS$1,$F12,0)) -> 33.2 | AT12: =IF($D12=AS$1,N($K12)-N($L12)-N($O12),0) -> 1164 | AU12: =IF(N($J12)>0,N($F12),0) -> 33.2 | AV12: =IF(N($J12)>0,$F12*$J12,0) -> 664
A13: 45978 | B13: Rock | C13: Kochammini | D13: WO Pass | E13: =E12+1 -> 11 | F13: 31.53 | G13: 610 | H13: 645 | I13: 0 | J13: 20 | K13: =IF($F13="","",$F13*$H13) -> 20336.85 | L13: =IFERROR(ROUND($F13*$G13,-1),"") -> 19230 | N13: =IF($F13="","",IF(N($I13)>0,$F13,0)) -> 0 | O13: =IF($F13="","",N($N13)*N($I13)) -> 0 | P13: =IF(OR($C13=P$1,$C13="Titan Rocks"),$K13,"") | Q13: =IF($C13=Q$1,$K13,"") | R13: =IF($C13=Q$1,$F13,"") | S13: =IF($C13=S$1,$K13,"") | T13: =IF($C13=S$1,$F13,"") | U13: =IF($C13=U$1,$K13,"") | V13: =IF($C13=U$1,$F13,"") | W13: =IF($C13=W$1,$K13,"") | X13: =IF($C13=W$1,$F13,"") | Y13: =IF($C13=Y$1,$K13,"") | Z13: =IF($C13=Y$1,$F13,"") | AA13: =IF($C13=AA$1,$K13,"") | AB13: =IF($C13=AA$1,$F13,"") | AC13: =IF($C13=AC$1,$K13,"") | AD13: =IF($C13=AC$1,$F13,"") | AE13: =IF($C13=AE$1,$K13,"") | AF13: =IF($C13=AE$1,$F13,"") | AG13: =IF($C13=AG$1,$K13,"") | AH13: =IF($C13=AG$1,$F13,"") | AI13: =IF($C13=AI$1,$K13,"") | AJ13: =IF($C13=AI$1,$F13,"") | AK13: =IF($C13=AK$1,$K13,"") | AL13: =IF($C13=AK$1,$F13,"") | AM13: =IF($C13=AM$1,$K13,"") | AN13: =IF($C13=AM$1,$F13,"") | AO13: =IF($C13=AO$1,$K13,"") -> 20336.85 | AP13: =IF($C13=AO$1,$F13,"") -> 31.53 | AQ13: =IF($F13="",0,IF($D13=AQ$1,$F13,0)) -> 0 | AR13: =IF($D13=AQ$1,N($K13)-N($L13)-N($O13),0) -> 0 | AS13: =IF($F13="",0,IF($D13=AS$1,$F13,0)) -> 31.53 | AT13: =IF($D13=AS$1,N($K13)-N($L13)-N($O13),0) -> 1106.85 | AU13: =IF(N($J13)>0,N($F13),0) -> 31.53 | AV13: =IF(N($J13)>0,$F13*$J13,0) -> 630.6
A14: 45978 | B14: Rock | C14: Kochammini | D14: WO Pass | E14: =E13+1 -> 12 | F14: 31.62 | G14: 610 | H14: 645 | I14: 0 | J14: 20 | K14: =IF($F14="","",$F14*$H14) -> 20394.9 | L14: =IFERROR(ROUND($F14*$G14,-1),"") -> 19290 | N14: =IF($F14="","",IF(N($I14)>0,$F14,0)) -> 0 | O14: =IF($F14="","",N($N14)*N($I14)) -> 0 | P14: =IF(OR($C14=P$1,$C14="Titan Rocks"),$K14,"") | Q14: =IF($C14=Q$1,$K14,"") | R14: =IF($C14=Q$1,$F14,"") | S14: =IF($C14=S$1,$K14,"") | T14: =IF($C14=S$1,$F14,"") | U14: =IF($C14=U$1,$K14,"") | V14: =IF($C14=U$1,$F14,"") | W14: =IF($C14=W$1,$K14,"") | X14: =IF($C14=W$1,$F14,"") | Y14: =IF($C14=Y$1,$K14,"") | Z14: =IF($C14=Y$1,$F14,"") | AA14: =IF($C14=AA$1,$K14,"") | AB14: =IF($C14=AA$1,$F14,"") | AC14: =IF($C14=AC$1,$K14,"") | AD14: =IF($C14=AC$1,$F14,"") | AE14: =IF($C14=AE$1,$K14,"") | AF14: =IF($C14=AE$1,$F14,"") | AG14: =IF($C14=AG$1,$K14,"") | AH14: =IF($C14=AG$1,$F14,"") | AI14: =IF($C14=AI$1,$K14,"") | AJ14: =IF($C14=AI$1,$F14,"") | AK14: =IF($C14=AK$1,$K14,"") | AL14: =IF($C14=AK$1,$F14,"") | AM14: =IF($C14=AM$1,$K14,"") | AN14: =IF($C14=AM$1,$F14,"") | AO14: =IF($C14=AO$1,$K14,"") -> 20394.9 | AP14: =IF($C14=AO$1,$F14,"") -> 31.62 | AQ14: =IF($F14="",0,IF($D14=AQ$1,$F14,0)) -> 0 | AR14: =IF($D14=AQ$1,N($K14)-N($L14)-N($O14),0) -> 0 | AS14: =IF($F14="",0,IF($D14=AS$1,$F14,0)) -> 31.62 | AT14: =IF($D14=AS$1,N($K14)-N($L14)-N($O14),0) -> 1104.9 | AU14: =IF(N($J14)>0,N($F14),0) -> 31.62 | AV14: =IF(N($J14)>0,$F14*$J14,0) -> 632.4
A15: 45978 | B15: Rock | C15: Kochammini | D15: WO Pass | E15: =E14+1 -> 13 | F15: 32.09 | G15: 610 | H15: 645 | I15: 0 | J15: 20 | K15: =IF($F15="","",$F15*$H15) -> 20698.05 | L15: =IFERROR(ROUND($F15*$G15,-1),"") -> 19570 | N15: =IF($F15="","",IF(N($I15)>0,$F15,0)) -> 0 | O15: =IF($F15="","",N($N15)*N($I15)) -> 0 | P15: =IF(OR($C15=P$1,$C15="Titan Rocks"),$K15,"") | Q15: =IF($C15=Q$1,$K15,"") | R15: =IF($C15=Q$1,$F15,"") | S15: =IF($C15=S$1,$K15,"") | T15: =IF($C15=S$1,$F15,"") | U15: =IF($C15=U$1,$K15,"") | V15: =IF($C15=U$1,$F15,"") | W15: =IF($C15=W$1,$K15,"") | X15: =IF($C15=W$1,$F15,"") | Y15: =IF($C15=Y$1,$K15,"") | Z15: =IF($C15=Y$1,$F15,"") | AA15: =IF($C15=AA$1,$K15,"") | AB15: =IF($C15=AA$1,$F15,"") | AC15: =IF($C15=AC$1,$K15,"") | AD15: =IF($C15=AC$1,$F15,"") | AE15: =IF($C15=AE$1,$K15,"") | AF15: =IF($C15=AE$1,$F15,"") | AG15: =IF($C15=AG$1,$K15,"") | AH15: =IF($C15=AG$1,$F15,"") | AI15: =IF($C15=AI$1,$K15,"") | AJ15: =IF($C15=AI$1,$F15,"") | AK15: =IF($C15=AK$1,$K15,"") | AL15: =IF($C15=AK$1,$F15,"") | AM15: =IF($C15=AM$1,$K15,"") | AN15: =IF($C15=AM$1,$F15,"") | AO15: =IF($C15=AO$1,$K15,"") -> 20698.05 | AP15: =IF($C15=AO$1,$F15,"") -> 32.09 | AQ15: =IF($F15="",0,IF($D15=AQ$1,$F15,0)) -> 0 | AR15: =IF($D15=AQ$1,N($K15)-N($L15)-N($O15),0) -> 0 | AS15: =IF($F15="",0,IF($D15=AS$1,$F15,0)) -> 32.09 | AT15: =IF($D15=AS$1,N($K15)-N($L15)-N($O15),0) -> 1128.05 | AU15: =IF(N($J15)>0,N($F15),0) -> 32.09 | AV15: =IF(N($J15)>0,$F15*$J15,0) -> 641.8
... A51: 45988 | B51: Rock | C51: Kochammini | D51: Pass | E51: =E50+1 -> 49 | F51: 30.24 | G51: 640 | H51: 645 | I51: 0 | J51: 20 | K51: =IF($F51="","",$F51*$H51) -> 19504.8 | L51: =IFERROR(ROUND($F51*$G51,-1),"") -> 19350 | N51: =IF($F51="","",IF(N($I51)>0,$F51,0)) -> 0 | O51: =IF($F51="","",N($N51)*N($I51)) -> 0 | P51: =IF(OR($C51=P$1,$C51="Titan Rocks"),$K51,"") | Q51: =IF($C51=Q$1,$K51,"") | R51: =IF($C51=Q$1,$F51,"") | S51: =IF($C51=S$1,$K51,"") | T51: =IF($C51=S$1,$F51,"") | U51: =IF($C51=U$1,$K51,"") | V51: =IF($C51=U$1,$F51,"") | W51: =IF($C51=W$1,$K51,"") | X51: =IF($C51=W$1,$F51,"") | Y51: =IF($C51=Y$1,$K51,"") | Z51: =IF($C51=Y$1,$F51,"") | AA51: =IF($C51=AA$1,$K51,"") | AB51: =IF($C51=AA$1,$F51,"") | AC51: =IF($C51=AC$1,$K51,"") | AD51: =IF($C51=AC$1,$F51,"") | AE51: =IF($C51=AE$1,$K51,"") | AF51: =IF($C51=AE$1,$F51,"") | AG51: =IF($C51=AG$1,$K51,"") | AH51: =IF($C51=AG$1,$F51,"") | AI51: =IF($C51=AI$1,$K51,"") | AJ51: =IF($C51=AI$1,$F51,"") | AK51: =IF($C51=AK$1,$K51,"") | AL51: =IF($C51=AK$1,$F51,"") | AM51: =IF($C51=AM$1,$K51,"") | AN51: =IF($C51=AM$1,$F51,"") | AO51: =IF($C51=AO$1,$K51,"") -> 19504.8 | AP51: =IF($C51=AO$1,$F51,"") -> 30.24 | AQ51: =IF($F51="",0,IF($D51=AQ$1,$F51,0)) -> 30.24 | AR51: =IF($D51=AQ$1,N($K51)-N($L51)-N($O51),0) -> 154.8 | AS51: =IF($F51="",0,IF($D51=AS$1,$F51,0)) -> 0 | AT51: =IF($D51=AS$1,N($K51)-N($L51)-N($O51),0) -> 0 | AU51: =IF(N($J51)>0,N($F51),0) -> 30.24 | AV51: =IF(N($J51)>0,$F51*$J51,0) -> 604.8
A52: 45990 | B52: Rock | C52: MR Granites | D52: WO Pass | E52: =E51+1 -> 50 | F52: 31.36 | G52: 610 | H52: 875 | I52: 220 | J52: 20 | K52: =IF($F52="","",$F52*$H52) -> 27440 | L52: =IFERROR(ROUND($F52*$G52,-1),"") -> 19130 | M52: KL 05 AS 7477 | N52: =IF($F52="","",IF(N($I52)>0,$F52,0)) -> 31.36 | O52: =IF($F52="","",N($N52)*N($I52)) -> 6899.2 | P52: =IF(OR($C52=P$1,$C52="Titan Rocks"),$K52,"") | Q52: =IF($C52=Q$1,$K52,"") -> 27440 | R52: =IF($C52=Q$1,$F52,"") -> 31.36 | S52: =IF($C52=S$1,$K52,"") | T52: =IF($C52=S$1,$F52,"") | U52: =IF($C52=U$1,$K52,"") | V52: =IF($C52=U$1,$F52,"") | W52: =IF($C52=W$1,$K52,"") | X52: =IF($C52=W$1,$F52,"") | Y52: =IF($C52=Y$1,$K52,"") | Z52: =IF($C52=Y$1,$F52,"") | AA52: =IF($C52=AA$1,$K52,"") | AB52: =IF($C52=AA$1,$F52,"") | AC52: =IF($C52=AC$1,$K52,"") | AD52: =IF($C52=AC$1,$F52,"") | AE52: =IF($C52=AE$1,$K52,"") | AF52: =IF($C52=AE$1,$F52,"") | AG52: =IF($C52=AG$1,$K52,"") | AH52: =IF($C52=AG$1,$F52,"") | AI52: =IF($C52=AI$1,$K52,"") | AJ52: =IF($C52=AI$1,$F52,"") | AK52: =IF($C52=AK$1,$K52,"") | AL52: =IF($C52=AK$1,$F52,"") | AM52: =IF($C52=AM$1,$K52,"") | AN52: =IF($C52=AM$1,$F52,"") | AO52: =IF($C52=AO$1,$K52,"") | AP52: =IF($C52=AO$1,$F52,"") | AQ52: =IF($F52="",0,IF($D52=AQ$1,$F52,0)) -> 0 | AR52: =IF($D52=AQ$1,N($K52)-N($L52)-N($O52),0) -> 0 | AS52: =IF($F52="",0,IF($D52=AS$1,$F52,0)) -> 31.36 | AT52: =IF($D52=AS$1,N($K52)-N($L52)-N($O52),0) -> 1410.8 | AU52: =IF(N($J52)>0,N($F52),0) -> 31.36 | AV52: =IF(N($J52)>0,$F52*$J52,0) -> 627.2
A53: 45990 | B53: Rock | C53: Kochammini | D53: WO Pass | E53: =E52+1 -> 51 | F53: 27.71 | G53: 610 | H53: 645 | I53: 0 | J53: 20 | K53: =IF($F53="","",$F53*$H53) -> 17872.95 | L53: =IFERROR(ROUND($F53*$G53,-1),"") -> 16900 | N53: =IF($F53="","",IF(N($I53)>0,$F53,0)) -> 0 | O53: =IF($F53="","",N($N53)*N($I53)) -> 0 | P53: =IF(OR($C53=P$1,$C53="Titan Rocks"),$K53,"") | Q53: =IF($C53=Q$1,$K53,"") | R53: =IF($C53=Q$1,$F53,"") | S53: =IF($C53=S$1,$K53,"") | T53: =IF($C53=S$1,$F53,"") | U53: =IF($C53=U$1,$K53,"") | V53: =IF($C53=U$1,$F53,"") | W53: =IF($C53=W$1,$K53,"") | X53: =IF($C53=W$1,$F53,"") | Y53: =IF($C53=Y$1,$K53,"") | Z53: =IF($C53=Y$1,$F53,"") | AA53: =IF($C53=AA$1,$K53,"") | AB53: =IF($C53=AA$1,$F53,"") | AC53: =IF($C53=AC$1,$K53,"") | AD53: =IF($C53=AC$1,$F53,"") | AE53: =IF($C53=AE$1,$K53,"") | AF53: =IF($C53=AE$1,$F53,"") | AG53: =IF($C53=AG$1,$K53,"") | AH53: =IF($C53=AG$1,$F53,"") | AI53: =IF($C53=AI$1,$K53,"") | AJ53: =IF($C53=AI$1,$F53,"") | AK53: =IF($C53=AK$1,$K53,"") | AL53: =IF($C53=AK$1,$F53,"") | AM53: =IF($C53=AM$1,$K53,"") | AN53: =IF($C53=AM$1,$F53,"") | AO53: =IF($C53=AO$1,$K53,"") -> 17872.95 | AP53: =IF($C53=AO$1,$F53,"") -> 27.71 | AQ53: =IF($F53="",0,IF($D53=AQ$1,$F53,0)) -> 0 | AR53: =IF($D53=AQ$1,N($K53)-N($L53)-N($O53),0) -> 0 | AS53: =IF($F53="",0,IF($D53=AS$1,$F53,0)) -> 27.71 | AT53: =IF($D53=AS$1,N($K53)-N($L53)-N($O53),0) -> 972.95 | AU53: =IF(N($J53)>0,N($F53),0) -> 27.71 | AV53: =IF(N($J53)>0,$F53*$J53,0) -> 554.2
A54: 45990 | B54: Rock | C54: Kochammini | D54: WO Pass | E54: =E53+1 -> 52 | F54: 31.75 | G54: 610 | H54: 645 | I54: 0 | J54: 20 | K54: =IF($F54="","",$F54*$H54) -> 20478.75 | L54: =IFERROR(ROUND($F54*$G54,-1),"") -> 19370 | N54: =IF($F54="","",IF(N($I54)>0,$F54,0)) -> 0 | O54: =IF($F54="","",N($N54)*N($I54)) -> 0 | P54: =IF(OR($C54=P$1,$C54="Titan Rocks"),$K54,"") | Q54: =IF($C54=Q$1,$K54,"") | R54: =IF($C54=Q$1,$F54,"") | S54: =IF($C54=S$1,$K54,"") | T54: =IF($C54=S$1,$F54,"") | U54: =IF($C54=U$1,$K54,"") | V54: =IF($C54=U$1,$F54,"") | W54: =IF($C54=W$1,$K54,"") | X54: =IF($C54=W$1,$F54,"") | Y54: =IF($C54=Y$1,$K54,"") | Z54: =IF($C54=Y$1,$F54,"") | AA54: =IF($C54=AA$1,$K54,"") | AB54: =IF($C54=AA$1,$F54,"") | AC54: =IF($C54=AC$1,$K54,"") | AD54: =IF($C54=AC$1,$F54,"") | AE54: =IF($C54=AE$1,$K54,"") | AF54: =IF($C54=AE$1,$F54,"") | AG54: =IF($C54=AG$1,$K54,"") | AH54: =IF($C54=AG$1,$F54,"") | AI54: =IF($C54=AI$1,$K54,"") | AJ54: =IF($C54=AI$1,$F54,"") | AK54: =IF($C54=AK$1,$K54,"") | AL54: =IF($C54=AK$1,$F54,"") | AM54: =IF($C54=AM$1,$K54,"") | AN54: =IF($C54=AM$1,$F54,"") | AO54: =IF($C54=AO$1,$K54,"") -> 20478.75 | AP54: =IF($C54=AO$1,$F54,"") -> 31.75 | AQ54: =IF($F54="",0,IF($D54=AQ$1,$F54,0)) -> 0 | AR54: =IF($D54=AQ$1,N($K54)-N($L54)-N($O54),0) -> 0 | AS54: =IF($F54="",0,IF($D54=AS$1,$F54,0)) -> 31.75 | AT54: =IF($D54=AS$1,N($K54)-N($L54)-N($O54),0) -> 1108.75 | AU54: =IF(N($J54)>0,N($F54),0) -> 31.75 | AV54: =IF(N($J54)>0,$F54*$J54,0) -> 635
A55: 45990 | B55: Rock | C55: Kochammini | D55: WO Pass | E55: =E54+1 -> 53 | F55: 31.66 | G55: 610 | H55: 645 | I55: 0 | J55: 20 | K55: =IF($F55="","",$F55*$H55) -> 20420.7 | L55: =IFERROR(ROUND($F55*$G55,-1),"") -> 19310 | N55: =IF($F55="","",IF(N($I55)>0,$F55,0)) -> 0 | O55: =IF($F55="","",N($N55)*N($I55)) -> 0 | P55: =IF(OR($C55=P$1,$C55="Titan Rocks"),$K55,"") | Q55: =IF($C55=Q$1,$K55,"") | R55: =IF($C55=Q$1,$F55,"") | S55: =IF($C55=S$1,$K55,"") | T55: =IF($C55=S$1,$F55,"") | U55: =IF($C55=U$1,$K55,"") | V55: =IF($C55=U$1,$F55,"") | W55: =IF($C55=W$1,$K55,"") | X55: =IF($C55=W$1,$F55,"") | Y55: =IF($C55=Y$1,$K55,"") | Z55: =IF($C55=Y$1,$F55,"") | AA55: =IF($C55=AA$1,$K55,"") | AB55: =IF($C55=AA$1,$F55,"") | AC55: =IF($C55=AC$1,$K55,"") | AD55: =IF($C55=AC$1,$F55,"") | AE55: =IF($C55=AE$1,$K55,"") | AF55: =IF($C55=AE$1,$F55,"") | AG55: =IF($C55=AG$1,$K55,"") | AH55: =IF($C55=AG$1,$F55,"") | AI55: =IF($C55=AI$1,$K55,"") | AJ55: =IF($C55=AI$1,$F55,"") | AK55: =IF($C55=AK$1,$K55,"") | AL55: =IF($C55=AK$1,$F55,"") | AM55: =IF($C55=AM$1,$K55,"") | AN55: =IF($C55=AM$1,$F55,"") | AO55: =IF($C55=AO$1,$K55,"") -> 20420.7 | AP55: =IF($C55=AO$1,$F55,"") -> 31.66 | AQ55: =IF($F55="",0,IF($D55=AQ$1,$F55,0)) -> 0 | AR55: =IF($D55=AQ$1,N($K55)-N($L55)-N($O55),0) -> 0 | AS55: =IF($F55="",0,IF($D55=AS$1,$F55,0)) -> 31.66 | AT55: =IF($D55=AS$1,N($K55)-N($L55)-N($O55),0) -> 1110.7 | AU55: =IF(N($J55)>0,N($F55),0) -> 31.66 | AV55: =IF(N($J55)>0,$F55*$J55,0) -> 633.2
A56: 45990 | B56: Rock | C56: Kochammini | D56: WO Pass | E56: =E55+1 -> 54 | F56: 32.58 | G56: 610 | H56: 645 | I56: 0 | J56: 20 | K56: =IF($F56="","",$F56*$H56) -> 21014.1 | L56: =IFERROR(ROUND($F56*$G56,-1),"") -> 19870 | N56: =IF($F56="","",IF(N($I56)>0,$F56,0)) -> 0 | O56: =IF($F56="","",N($N56)*N($I56)) -> 0 | P56: =IF(OR($C56=P$1,$C56="Titan Rocks"),$K56,"") | Q56: =IF($C56=Q$1,$K56,"") | R56: =IF($C56=Q$1,$F56,"") | S56: =IF($C56=S$1,$K56,"") | T56: =IF($C56=S$1,$F56,"") | U56: =IF($C56=U$1,$K56,"") | V56: =IF($C56=U$1,$F56,"") | W56: =IF($C56=W$1,$K56,"") | X56: =IF($C56=W$1,$F56,"") | Y56: =IF($C56=Y$1,$K56,"") | Z56: =IF($C56=Y$1,$F56,"") | AA56: =IF($C56=AA$1,$K56,"") | AB56: =IF($C56=AA$1,$F56,"") | AC56: =IF($C56=AC$1,$K56,"") | AD56: =IF($C56=AC$1,$F56,"") | AE56: =IF($C56=AE$1,$K56,"") | AF56: =IF($C56=AE$1,$F56,"") | AG56: =IF($C56=AG$1,$K56,"") | AH56: =IF($C56=AG$1,$F56,"") | AI56: =IF($C56=AI$1,$K56,"") | AJ56: =IF($C56=AI$1,$F56,"") | AK56: =IF($C56=AK$1,$K56,"") | AL56: =IF($C56=AK$1,$F56,"") | AM56: =IF($C56=AM$1,$K56,"") | AN56: =IF($C56=AM$1,$F56,"") | AO56: =IF($C56=AO$1,$K56,"") -> 21014.1 | AP56: =IF($C56=AO$1,$F56,"") -> 32.58 | AQ56: =IF($F56="",0,IF($D56=AQ$1,$F56,0)) -> 0 | AR56: =IF($D56=AQ$1,N($K56)-N($L56)-N($O56),0) -> 0 | AS56: =IF($F56="",0,IF($D56=AS$1,$F56,0)) -> 32.58 | AT56: =IF($D56=AS$1,N($K56)-N($L56)-N($O56),0) -> 1144.1 | AU56: =IF(N($J56)>0,N($F56),0) -> 32.58 | AV56: =IF(N($J56)>0,$F56*$J56,0) -> 651.6
A57: 45990 | B57: Rock | C57: Kochammini | D57: WO Pass | E57: =E56+1 -> 55 | F57: 32.81 | G57: 610 | H57: 645 | I57: 0 | J57: 20 | K57: =IF($F57="","",$F57*$H57) -> 21162.45 | L57: =IFERROR(ROUND($F57*$G57,-1),"") -> 20010 | N57: =IF($F57="","",IF(N($I57)>0,$F57,0)) -> 0 | O57: =IF($F57="","",N($N57)*N($I57)) -> 0 | P57: =IF(OR($C57=P$1,$C57="Titan Rocks"),$K57,"") | Q57: =IF($C57=Q$1,$K57,"") | R57: =IF($C57=Q$1,$F57,"") | S57: =IF($C57=S$1,$K57,"") | T57: =IF($C57=S$1,$F57,"") | U57: =IF($C57=U$1,$K57,"") | V57: =IF($C57=U$1,$F57,"") | W57: =IF($C57=W$1,$K57,"") | X57: =IF($C57=W$1,$F57,"") | Y57: =IF($C57=Y$1,$K57,"") | Z57: =IF($C57=Y$1,$F57,"") | AA57: =IF($C57=AA$1,$K57,"") | AB57: =IF($C57=AA$1,$F57,"") | AC57: =IF($C57=AC$1,$K57,"") | AD57: =IF($C57=AC$1,$F57,"") | AE57: =IF($C57=AE$1,$K57,"") | AF57: =IF($C57=AE$1,$F57,"") | AG57: =IF($C57=AG$1,$K57,"") | AH57: =IF($C57=AG$1,$F57,"") | AI57: =IF($C57=AI$1,$K57,"") | AJ57: =IF($C57=AI$1,$F57,"") | AK57: =IF($C57=AK$1,$K57,"") | AL57: =IF($C57=AK$1,$F57,"") | AM57: =IF($C57=AM$1,$K57,"") | AN57: =IF($C57=AM$1,$F57,"") | AO57: =IF($C57=AO$1,$K57,"") -> 21162.45 | AP57: =IF($C57=AO$1,$F57,"") -> 32.81 | AQ57: =IF($F57="",0,IF($D57=AQ$1,$F57,0)) -> 0 | AR57: =IF($D57=AQ$1,N($K57)-N($L57)-N($O57),0) -> 0 | AS57: =IF($F57="",0,IF($D57=AS$1,$F57,0)) -> 32.81 | AT57: =IF($D57=AS$1,N($K57)-N($L57)-N($O57),0) -> 1152.45 | AU57: =IF(N($J57)>0,N($F57),0) -> 32.81 | AV57: =IF(N($J57)>0,$F57*$J57,0) -> 656.2
A58: 45990 | B58: Rock | C58: MR Granites | D58: WO Pass | E58: =E57+1 -> 56 | F58: 33.5 | G58: 610 | H58: 875 | I58: 220 | J58: 20 | K58: =IF($F58="","",$F58*$H58) -> 29312.5 | L58: =IFERROR(ROUND($F58*$G58,-1),"") -> 20440 | M58: KL 02 BG 3968 | N58: =IF($F58="","",IF(N($I58)>0,$F58,0)) -> 33.5 | O58: =IF($F58="","",N($N58)*N($I58)) -> 7370 | P58: =IF(OR($C58=P$1,$C58="Titan Rocks"),$K58,"") | Q58: =IF($C58=Q$1,$K58,"") -> 29312.5 | R58: =IF($C58=Q$1,$F58,"") -> 33.5 | S58: =IF($C58=S$1,$K58,"") | T58: =IF($C58=S$1,$F58,"") | U58: =IF($C58=U$1,$K58,"") | V58: =IF($C58=U$1,$F58,"") | W58: =IF($C58=W$1,$K58,"") | X58: =IF($C58=W$1,$F58,"") | Y58: =IF($C58=Y$1,$K58,"") | Z58: =IF($C58=Y$1,$F58,"") | AA58: =IF($C58=AA$1,$K58,"") | AB58: =IF($C58=AA$1,$F58,"") | AC58: =IF($C58=AC$1,$K58,"") | AD58: =IF($C58=AC$1,$F58,"") | AE58: =IF($C58=AE$1,$K58,"") | AF58: =IF($C58=AE$1,$F58,"") | AG58: =IF($C58=AG$1,$K58,"") | AH58: =IF($C58=AG$1,$F58,"") | AI58: =IF($C58=AI$1,$K58,"") | AJ58: =IF($C58=AI$1,$F58,"") | AK58: =IF($C58=AK$1,$K58,"") | AL58: =IF($C58=AK$1,$F58,"") | AM58: =IF($C58=AM$1,$K58,"") | AN58: =IF($C58=AM$1,$F58,"") | AO58: =IF($C58=AO$1,$K58,"") | AP58: =IF($C58=AO$1,$F58,"") | AQ58: =IF($F58="",0,IF($D58=AQ$1,$F58,0)) -> 0 | AR58: =IF($D58=AQ$1,N($K58)-N($L58)-N($O58),0) -> 0 | AS58: =IF($F58="",0,IF($D58=AS$1,$F58,0)) -> 33.5 | AT58: =IF($D58=AS$1,N($K58)-N($L58)-N($O58),0) -> 1502.5 | AU58: =IF(N($J58)>0,N($F58),0) -> 33.5 | AV58: =IF(N($J58)>0,$F58*$J58,0) -> 670
A59: 45990 | B59: Rock | C59: MR Granites | D59: WO Pass | E59: =E58+1 -> 57 | F59: 32.65 | G59: 610 | H59: 875 | I59: 220 | J59: 20 | K59: =IF($F59="","",$F59*$H59) -> 28568.75 | L59: =IFERROR(ROUND($F59*$G59,-1),"") -> 19920 | M59: KL 21 U 5340 | N59: =IF($F59="","",IF(N($I59)>0,$F59,0)) -> 32.65 | O59: =IF($F59="","",N($N59)*N($I59)) -> 7183 | P59: =IF(OR($C59=P$1,$C59="Titan Rocks"),$K59,"") | Q59: =IF($C59=Q$1,$K59,"") -> 28568.75 | R59: =IF($C59=Q$1,$F59,"") -> 32.65 | S59: =IF($C59=S$1,$K59,"") | T59: =IF($C59=S$1,$F59,"") | U59: =IF($C59=U$1,$K59,"") | V59: =IF($C59=U$1,$F59,"") | W59: =IF($C59=W$1,$K59,"") | X59: =IF($C59=W$1,$F59,"") | Y59: =IF($C59=Y$1,$K59,"") | Z59: =IF($C59=Y$1,$F59,"") | AA59: =IF($C59=AA$1,$K59,"") | AB59: =IF($C59=AA$1,$F59,"") | AC59: =IF($C59=AC$1,$K59,"") | AD59: =IF($C59=AC$1,$F59,"") | AE59: =IF($C59=AE$1,$K59,"") | AF59: =IF($C59=AE$1,$F59,"") | AG59: =IF($C59=AG$1,$K59,"") | AH59: =IF($C59=AG$1,$F59,"") | AI59: =IF($C59=AI$1,$K59,"") | AJ59: =IF($C59=AI$1,$F59,"") | AK59: =IF($C59=AK$1,$K59,"") | AL59: =IF($C59=AK$1,$F59,"") | AM59: =IF($C59=AM$1,$K59,"") | AN59: =IF($C59=AM$1,$F59,"") | AO59: =IF($C59=AO$1,$K59,"") | AP59: =IF($C59=AO$1,$F59,"") | AQ59: =IF($F59="",0,IF($D59=AQ$1,$F59,0)) -> 0 | AR59: =IF($D59=AQ$1,N($K59)-N($L59)-N($O59),0) -> 0 | AS59: =IF($F59="",0,IF($D59=AS$1,$F59,0)) -> 32.65 | AT59: =IF($D59=AS$1,N($K59)-N($L59)-N($O59),0) -> 1465.75 | AU59: =IF(N($J59)>0,N($F59),0) -> 32.65 | AV59: =IF(N($J59)>0,$F59*$J59,0) -> 653
A60: 45990 | B60: Rock | C60: Outside site No Profit | E60: =E59+1 -> 58 | F60: 26.92 | G60: 700 | H60: 700 | K60: =IF($F60="","",$F60*$H60) -> 18844 | L60: =IFERROR(ROUND($F60*$G60,-1),"") -> 18840 | N60: =IF($F60="","",IF(N($I60)>0,$F60,0)) -> 0 | O60: =IF($F60="","",N($N60)*N($I60)) -> 0 | P60: =IF(OR($C60=P$1,$C60="Titan Rocks"),$K60,"") -> 18844 | Q60: =IF($C60=Q$1,$K60,"") | R60: =IF($C60=Q$1,$F60,"") | S60: =IF($C60=S$1,$K60,"") | T60: =IF($C60=S$1,$F60,"") | U60: =IF($C60=U$1,$K60,"") | V60: =IF($C60=U$1,$F60,"") | W60: =IF($C60=W$1,$K60,"") | X60: =IF($C60=W$1,$F60,"") | Y60: =IF($C60=Y$1,$K60,"") | Z60: =IF($C60=Y$1,$F60,"") | AA60: =IF($C60=AA$1,$K60,"") | AB60: =IF($C60=AA$1,$F60,"") | AC60: =IF($C60=AC$1,$K60,"") | AD60: =IF($C60=AC$1,$F60,"") | AE60: =IF($C60=AE$1,$K60,"") | AF60: =IF($C60=AE$1,$F60,"") | AG60: =IF($C60=AG$1,$K60,"") | AH60: =IF($C60=AG$1,$F60,"") | AI60: =IF($C60=AI$1,$K60,"") | AJ60: =IF($C60=AI$1,$F60,"") | AK60: =IF($C60=AK$1,$K60,"") | AL60: =IF($C60=AK$1,$F60,"") | AM60: =IF($C60=AM$1,$K60,"") | AN60: =IF($C60=AM$1,$F60,"") | AO60: =IF($C60=AO$1,$K60,"") | AP60: =IF($C60=AO$1,$F60,"") | AQ60: =IF($F60="",0,IF($D60=AQ$1,$F60,0)) -> 0 | AR60: =IF($D60=AQ$1,N($K60)-N($L60)-N($O60),0) -> 0 | AS60: =IF($F60="",0,IF($D60=AS$1,$F60,0)) -> 0 | AT60: =IF($D60=AS$1,N($K60)-N($L60)-N($O60),0) -> 0 | AU60: =IF(N($J60)>0,N($F60),0) -> 0 | AV60: =IF(N($J60)>0,$F60*$J60,0) -> 0
A61: 46087 | B61: Rock | C61: AVK | D61: WO Pass | E61: =E60+1 -> 59 | F61: 32.82 | G61: 610 | H61: 900 | I61: 250 | J61: 20 | K61: =IF($F61="","",$F61*$H61) -> 29538 | L61: =IFERROR(ROUND($F61*$G61,-1),"") -> 20020 | M61: KL 40 Q 3885 | N61: =IF($F61="","",IF(N($I61)>0,$F61,0)) -> 32.82 | O61: =IF($F61="","",N($N61)*N($I61)) -> 8205 | P61: =IF(OR($C61=P$1,$C61="Titan Rocks"),$K61,"") | Q61: =IF($C61=Q$1,$K61,"") | R61: =IF($C61=Q$1,$F61,"") | S61: =IF($C61=S$1,$K61,"") -> 29538 | T61: =IF($C61=S$1,$F61,"") -> 32.82 | U61: =IF($C61=U$1,$K61,"") | V61: =IF($C61=U$1,$F61,"") | W61: =IF($C61=W$1,$K61,"") | X61: =IF($C61=W$1,$F61,"") | Y61: =IF($C61=Y$1,$K61,"") | Z61: =IF($C61=Y$1,$F61,"") | AA61: =IF($C61=AA$1,$K61,"") | AB61: =IF($C61=AA$1,$F61,"") | AC61: =IF($C61=AC$1,$K61,"") | AD61: =IF($C61=AC$1,$F61,"") | AE61: =IF($C61=AE$1,$K61,"") | AF61: =IF($C61=AE$1,$F61,"") | AG61: =IF($C61=AG$1,$K61,"") | AH61: =IF($C61=AG$1,$F61,"") | AI61: =IF($C61=AI$1,$K61,"") | AJ61: =IF($C61=AI$1,$F61,"") | AK61: =IF($C61=AK$1,$K61,"") | AL61: =IF($C61=AK$1,$F61,"") | AM61: =IF($C61=AM$1,$K61,"") | AN61: =IF($C61=AM$1,$F61,"") | AO61: =IF($C61=AO$1,$K61,"") | AP61: =IF($C61=AO$1,$F61,"") | AQ61: =IF($F61="",0,IF($D61=AQ$1,$F61,0)) -> 0 | AR61: =IF($D61=AQ$1,N($K61)-N($L61)-N($O61),0) -> 0 | AS61: =IF($F61="",0,IF($D61=AS$1,$F61,0)) -> 32.82 | AT61: =IF($D61=AS$1,N($K61)-N($L61)-N($O61),0) -> 1313 | AU61: =IF(N($J61)>0,N($F61),0) -> 32.82 | AV61: =IF(N($J61)>0,$F61*$J61,0) -> 656.4
A62: 46087 | B62: Rock | C62: Kochammini | D62: Pass | E62: =E61+1 -> 60 | F62: 29.74 | G62: 640 | H62: 645 | I62: 0 | J62: 20 | K62: =IF($F62="","",$F62*$H62) -> 19182.3 | L62: =IFERROR(ROUND($F62*$G62,-1),"") -> 19030 | N62: =IF($F62="","",IF(N($I62)>0,$F62,0)) -> 0 | O62: =IF($F62="","",N($N62)*N($I62)) -> 0 | P62: =IF(OR($C62=P$1,$C62="Titan Rocks"),$K62,"") | Q62: =IF($C62=Q$1,$K62,"") | R62: =IF($C62=Q$1,$F62,"") | S62: =IF($C62=S$1,$K62,"") | T62: =IF($C62=S$1,$F62,"") | U62: =IF($C62=U$1,$K62,"") | V62: =IF($C62=U$1,$F62,"") | W62: =IF($C62=W$1,$K62,"") | X62: =IF($C62=W$1,$F62,"") | Y62: =IF($C62=Y$1,$K62,"") | Z62: =IF($C62=Y$1,$F62,"") | AA62: =IF($C62=AA$1,$K62,"") | AB62: =IF($C62=AA$1,$F62,"") | AC62: =IF($C62=AC$1,$K62,"") | AD62: =IF($C62=AC$1,$F62,"") | AE62: =IF($C62=AE$1,$K62,"") | AF62: =IF($C62=AE$1,$F62,"") | AG62: =IF($C62=AG$1,$K62,"") | AH62: =IF($C62=AG$1,$F62,"") | AI62: =IF($C62=AI$1,$K62,"") | AJ62: =IF($C62=AI$1,$F62,"") | AK62: =IF($C62=AK$1,$K62,"") | AL62: =IF($C62=AK$1,$F62,"") | AM62: =IF($C62=AM$1,$K62,"") | AN62: =IF($C62=AM$1,$F62,"") | AO62: =IF($C62=AO$1,$K62,"") -> 19182.3 | AP62: =IF($C62=AO$1,$F62,"") -> 29.74 | AQ62: =IF($F62="",0,IF($D62=AQ$1,$F62,0)) -> 29.74 | AR62: =IF($D62=AQ$1,N($K62)-N($L62)-N($O62),0) -> 152.3 | AS62: =IF($F62="",0,IF($D62=AS$1,$F62,0)) -> 0 | AT62: =IF($D62=AS$1,N($K62)-N($L62)-N($O62),0) -> 0 | AU62: =IF(N($J62)>0,N($F62),0) -> 29.74 | AV62: =IF(N($J62)>0,$F62*$J62,0) -> 594.8
A63: 46087 | B63: Rock | C63: Kochammini | D63: WO Pass | E63: =E62+1 -> 61 | F63: 17.43 | G63: 610 | H63: 645 | I63: 0 | J63: 20 | K63: =IF($F63="","",$F63*$H63) -> 11242.35 | L63: =IFERROR(ROUND($F63*$G63,-1),"") -> 10630 | N63: =IF($F63="","",IF(N($I63)>0,$F63,0)) -> 0 | O63: =IF($F63="","",N($N63)*N($I63)) -> 0 | P63: =IF(OR($C63=P$1,$C63="Titan Rocks"),$K63,"") | Q63: =IF($C63=Q$1,$K63,"") | R63: =IF($C63=Q$1,$F63,"") | S63: =IF($C63=S$1,$K63,"") | T63: =IF($C63=S$1,$F63,"") | U63: =IF($C63=U$1,$K63,"") | V63: =IF($C63=U$1,$F63,"") | W63: =IF($C63=W$1,$K63,"") | X63: =IF($C63=W$1,$F63,"") | Y63: =IF($C63=Y$1,$K63,"") | Z63: =IF($C63=Y$1,$F63,"") | AA63: =IF($C63=AA$1,$K63,"") | AB63: =IF($C63=AA$1,$F63,"") | AC63: =IF($C63=AC$1,$K63,"") | AD63: =IF($C63=AC$1,$F63,"") | AE63: =IF($C63=AE$1,$K63,"") | AF63: =IF($C63=AE$1,$F63,"") | AG63: =IF($C63=AG$1,$K63,"") | AH63: =IF($C63=AG$1,$F63,"") | AI63: =IF($C63=AI$1,$K63,"") | AJ63: =IF($C63=AI$1,$F63,"") | AK63: =IF($C63=AK$1,$K63,"") | AL63: =IF($C63=AK$1,$F63,"") | AM63: =IF($C63=AM$1,$K63,"") | AN63: =IF($C63=AM$1,$F63,"") | AO63: =IF($C63=AO$1,$K63,"") -> 11242.35 | AP63: =IF($C63=AO$1,$F63,"") -> 17.43 | AQ63: =IF($F63="",0,IF($D63=AQ$1,$F63,0)) -> 0 | AR63: =IF($D63=AQ$1,N($K63)-N($L63)-N($O63),0) -> 0 | AS63: =IF($F63="",0,IF($D63=AS$1,$F63,0)) -> 17.43 | AT63: =IF($D63=AS$1,N($K63)-N($L63)-N($O63),0) -> 612.35 | AU63: =IF(N($J63)>0,N($F63),0) -> 17.43 | AV63: =IF(N($J63)>0,$F63*$J63,0) -> 348.6
A64: 46087 | B64: Rock | C64: Kochammini | D64: WO Pass | E64: =E63+1 -> 62 | F64: 21.78 | G64: 610 | H64: 645 | I64: 0 | J64: 20 | K64: =IF($F64="","",$F64*$H64) -> 14048.1 | L64: =IFERROR(ROUND($F64*$G64,-1),"") -> 13290 | N64: =IF($F64="","",IF(N($I64)>0,$F64,0)) -> 0 | O64: =IF($F64="","",N($N64)*N($I64)) -> 0 | P64: =IF(OR($C64=P$1,$C64="Titan Rocks"),$K64,"") | Q64: =IF($C64=Q$1,$K64,"") | R64: =IF($C64=Q$1,$F64,"") | S64: =IF($C64=S$1,$K64,"") | T64: =IF($C64=S$1,$F64,"") | U64: =IF($C64=U$1,$K64,"") | V64: =IF($C64=U$1,$F64,"") | W64: =IF($C64=W$1,$K64,"") | X64: =IF($C64=W$1,$F64,"") | Y64: =IF($C64=Y$1,$K64,"") | Z64: =IF($C64=Y$1,$F64,"") | AA64: =IF($C64=AA$1,$K64,"") | AB64: =IF($C64=AA$1,$F64,"") | AC64: =IF($C64=AC$1,$K64,"") | AD64: =IF($C64=AC$1,$F64,"") | AE64: =IF($C64=AE$1,$K64,"") | AF64: =IF($C64=AE$1,$F64,"") | AG64: =IF($C64=AG$1,$K64,"") | AH64: =IF($C64=AG$1,$F64,"") | AI64: =IF($C64=AI$1,$K64,"") | AJ64: =IF($C64=AI$1,$F64,"") | AK64: =IF($C64=AK$1,$K64,"") | AL64: =IF($C64=AK$1,$F64,"") | AM64: =IF($C64=AM$1,$K64,"") | AN64: =IF($C64=AM$1,$F64,"") | AO64: =IF($C64=AO$1,$K64,"") -> 14048.1 | AP64: =IF($C64=AO$1,$F64,"") -> 21.78 | AQ64: =IF($F64="",0,IF($D64=AQ$1,$F64,0)) -> 0 | AR64: =IF($D64=AQ$1,N($K64)-N($L64)-N($O64),0) -> 0 | AS64: =IF($F64="",0,IF($D64=AS$1,$F64,0)) -> 21.78 | AT64: =IF($D64=AS$1,N($K64)-N($L64)-N($O64),0) -> 758.1 | AU64: =IF(N($J64)>0,N($F64),0) -> 21.78 | AV64: =IF(N($J64)>0,$F64*$J64,0) -> 435.6
A65: 46087 | B65: Rock | C65: Kochammini | D65: Pass | E65: =E64+1 -> 63 | F65: 20.65 | G65: 640 | H65: 645 | I65: 0 | J65: 20 | K65: =IF($F65="","",$F65*$H65) -> 13319.25 | L65: =IFERROR(ROUND($F65*$G65,-1),"") -> 13220 | N65: =IF($F65="","",IF(N($I65)>0,$F65,0)) -> 0 | O65: =IF($F65="","",N($N65)*N($I65)) -> 0 | P65: =IF(OR($C65=P$1,$C65="Titan Rocks"),$K65,"") | Q65: =IF($C65=Q$1,$K65,"") | R65: =IF($C65=Q$1,$F65,"") | S65: =IF($C65=S$1,$K65,"") | T65: =IF($C65=S$1,$F65,"") | U65: =IF($C65=U$1,$K65,"") | V65: =IF($C65=U$1,$F65,"") | W65: =IF($C65=W$1,$K65,"") | X65: =IF($C65=W$1,$F65,"") | Y65: =IF($C65=Y$1,$K65,"") | Z65: =IF($C65=Y$1,$F65,"") | AA65: =IF($C65=AA$1,$K65,"") | AB65: =IF($C65=AA$1,$F65,"") | AC65: =IF($C65=AC$1,$K65,"") | AD65: =IF($C65=AC$1,$F65,"") | AE65: =IF($C65=AE$1,$K65,"") | AF65: =IF($C65=AE$1,$F65,"") | AG65: =IF($C65=AG$1,$K65,"") | AH65: =IF($C65=AG$1,$F65,"") | AI65: =IF($C65=AI$1,$K65,"") | AJ65: =IF($C65=AI$1,$F65,"") | AK65: =IF($C65=AK$1,$K65,"") | AL65: =IF($C65=AK$1,$F65,"") | AM65: =IF($C65=AM$1,$K65,"") | AN65: =IF($C65=AM$1,$F65,"") | AO65: =IF($C65=AO$1,$K65,"") -> 13319.25 | AP65: =IF($C65=AO$1,$F65,"") -> 20.65 | AQ65: =IF($F65="",0,IF($D65=AQ$1,$F65,0)) -> 20.65 | AR65: =IF($D65=AQ$1,N($K65)-N($L65)-N($O65),0) -> 99.25 | AS65: =IF($F65="",0,IF($D65=AS$1,$F65,0)) -> 0 | AT65: =IF($D65=AS$1,N($K65)-N($L65)-N($O65),0) -> 0 | AU65: =IF(N($J65)>0,N($F65),0) -> 20.65 | AV65: =IF(N($J65)>0,$F65*$J65,0) -> 413
A66: 46087 | B66: Rock | C66: Kochammini | D66: Pass | E66: =E65+1 -> 64 | F66: 31.89 | G66: 640 | H66: 645 | I66: 0 | J66: 20 | K66: =IF($F66="","",$F66*$H66) -> 20569.05 | L66: =IFERROR(ROUND($F66*$G66,-1),"") -> 20410 | N66: =IF($F66="","",IF(N($I66)>0,$F66,0)) -> 0 | O66: =IF($F66="","",N($N66)*N($I66)) -> 0 | P66: =IF(OR($C66=P$1,$C66="Titan Rocks"),$K66,"") | Q66: =IF($C66=Q$1,$K66,"") | R66: =IF($C66=Q$1,$F66,"") | S66: =IF($C66=S$1,$K66,"") | T66: =IF($C66=S$1,$F66,"") | U66: =IF($C66=U$1,$K66,"") | V66: =IF($C66=U$1,$F66,"") | W66: =IF($C66=W$1,$K66,"") | X66: =IF($C66=W$1,$F66,"") | Y66: =IF($C66=Y$1,$K66,"") | Z66: =IF($C66=Y$1,$F66,"") | AA66: =IF($C66=AA$1,$K66,"") | AB66: =IF($C66=AA$1,$F66,"") | AC66: =IF($C66=AC$1,$K66,"") | AD66: =IF($C66=AC$1,$F66,"") | AE66: =IF($C66=AE$1,$K66,"") | AF66: =IF($C66=AE$1,$F66,"") | AG66: =IF($C66=AG$1,$K66,"") | AH66: =IF($C66=AG$1,$F66,"") | AI66: =IF($C66=AI$1,$K66,"") | AJ66: =IF($C66=AI$1,$F66,"") | AK66: =IF($C66=AK$1,$K66,"") | AL66: =IF($C66=AK$1,$F66,"") | AM66: =IF($C66=AM$1,$K66,"") | AN66: =IF($C66=AM$1,$F66,"") | AO66: =IF($C66=AO$1,$K66,"") -> 20569.05 | AP66: =IF($C66=AO$1,$F66,"") -> 31.89 | AQ66: =IF($F66="",0,IF($D66=AQ$1,$F66,0)) -> 31.89 | AR66: =IF($D66=AQ$1,N($K66)-N($L66)-N($O66),0) -> 159.05 | AS66: =IF($F66="",0,IF($D66=AS$1,$F66,0)) -> 0 | AT66: =IF($D66=AS$1,N($K66)-N($L66)-N($O66),0) -> 0 | AU66: =IF(N($J66)>0,N($F66),0) -> 31.89 | AV66: =IF(N($J66)>0,$F66*$J66,0) -> 637.8
A67: 46087 | B67: Rock | C67: Kochammini | D67: WO Pass | E67: =E66+1 -> 65 | F67: 30.75 | G67: 610 | H67: 645 | I67: 0 | J67: 20 | K67: =IF($F67="","",$F67*$H67) -> 19833.75 | L67: =IFERROR(ROUND($F67*$G67,-1),"") -> 18760 | N67: =IF($F67="","",IF(N($I67)>0,$F67,0)) -> 0 | O67: =IF($F67="","",N($N67)*N($I67)) -> 0 | P67: =IF(OR($C67=P$1,$C67="Titan Rocks"),$K67,"") | Q67: =IF($C67=Q$1,$K67,"") | R67: =IF($C67=Q$1,$F67,"") | S67: =IF($C67=S$1,$K67,"") | T67: =IF($C67=S$1,$F67,"") | U67: =IF($C67=U$1,$K67,"") | V67: =IF($C67=U$1,$F67,"") | W67: =IF($C67=W$1,$K67,"") | X67: =IF($C67=W$1,$F67,"") | Y67: =IF($C67=Y$1,$K67,"") | Z67: =IF($C67=Y$1,$F67,"") | AA67: =IF($C67=AA$1,$K67,"") | AB67: =IF($C67=AA$1,$F67,"") | AC67: =IF($C67=AC$1,$K67,"") | AD67: =IF($C67=AC$1,$F67,"") | AE67: =IF($C67=AE$1,$K67,"") | AF67: =IF($C67=AE$1,$F67,"") | AG67: =IF($C67=AG$1,$K67,"") | AH67: =IF($C67=AG$1,$F67,"") | AI67: =IF($C67=AI$1,$K67,"") | AJ67: =IF($C67=AI$1,$F67,"") | AK67: =IF($C67=AK$1,$K67,"") | AL67: =IF($C67=AK$1,$F67,"") | AM67: =IF($C67=AM$1,$K67,"") | AN67: =IF($C67=AM$1,$F67,"") | AO67: =IF($C67=AO$1,$K67,"") -> 19833.75 | AP67: =IF($C67=AO$1,$F67,"") -> 30.75 | AQ67: =IF($F67="",0,IF($D67=AQ$1,$F67,0)) -> 0 | AR67: =IF($D67=AQ$1,N($K67)-N($L67)-N($O67),0) -> 0 | AS67: =IF($F67="",0,IF($D67=AS$1,$F67,0)) -> 30.75 | AT67: =IF($D67=AS$1,N($K67)-N($L67)-N($O67),0) -> 1073.75 | AU67: =IF(N($J67)>0,N($F67),0) -> 30.75 | AV67: =IF(N($J67)>0,$F67*$J67,0) -> 615
A68: 46087 | B68: Rock | C68: AVK | D68: Pass | E68: =E67+1 -> 66 | F68: 32.92 | G68: 640 | H68: 900 | I68: 250 | J68: 20 | K68: =IF($F68="","",$F68*$H68) -> 29628 | L68: =IFERROR(ROUND($F68*$G68,-1),"") -> 21070 | M68: KL 40 Q 3885 | N68: =IF($F68="","",IF(N($I68)>0,$F68,0)) -> 32.92 | O68: =IF($F68="","",N($N68)*N($I68)) -> 8230 | P68: =IF(OR($C68=P$1,$C68="Titan Rocks"),$K68,"") | Q68: =IF($C68=Q$1,$K68,"") | R68: =IF($C68=Q$1,$F68,"") | S68: =IF($C68=S$1,$K68,"") -> 29628 | T68: =IF($C68=S$1,$F68,"") -> 32.92 | U68: =IF($C68=U$1,$K68,"") | V68: =IF($C68=U$1,$F68,"") | W68: =IF($C68=W$1,$K68,"") | X68: =IF($C68=W$1,$F68,"") | Y68: =IF($C68=Y$1,$K68,"") | Z68: =IF($C68=Y$1,$F68,"") | AA68: =IF($C68=AA$1,$K68,"") | AB68: =IF($C68=AA$1,$F68,"") | AC68: =IF($C68=AC$1,$K68,"") | AD68: =IF($C68=AC$1,$F68,"") | AE68: =IF($C68=AE$1,$K68,"") | AF68: =IF($C68=AE$1,$F68,"") | AG68: =IF($C68=AG$1,$K68,"") | AH68: =IF($C68=AG$1,$F68,"") | AI68: =IF($C68=AI$1,$K68,"") | AJ68: =IF($C68=AI$1,$F68,"") | AK68: =IF($C68=AK$1,$K68,"") | AL68: =IF($C68=AK$1,$F68,"") | AM68: =IF($C68=AM$1,$K68,"") | AN68: =IF($C68=AM$1,$F68,"") | AO68: =IF($C68=AO$1,$K68,"") | AP68: =IF($C68=AO$1,$F68,"") | AQ68: =IF($F68="",0,IF($D68=AQ$1,$F68,0)) -> 32.92 | AR68: =IF($D68=AQ$1,N($K68)-N($L68)-N($O68),0) -> 328 | AS68: =IF($F68="",0,IF($D68=AS$1,$F68,0)) -> 0 | AT68: =IF($D68=AS$1,N($K68)-N($L68)-N($O68),0) -> 0 | AU68: =IF(N($J68)>0,N($F68),0) -> 32.92 | AV68: =IF(N($J68)>0,$F68*$J68,0) -> 658.4
A69: 46087 | B69: Rock | C69: Kochammini | D69: WO Pass | E69: =E68+1 -> 67 | F69: 30.11 | G69: 610 | H69: 645 | I69: 0 | J69: 20 | K69: =IF($F69="","",$F69*$H69) -> 19420.95 | L69: =IFERROR(ROUND($F69*$G69,-1),"") -> 18370 | N69: =IF($F69="","",IF(N($I69)>0,$F69,0)) -> 0 | O69: =IF($F69="","",N($N69)*N($I69)) -> 0 | P69: =IF(OR($C69=P$1,$C69="Titan Rocks"),$K69,"") | Q69: =IF($C69=Q$1,$K69,"") | R69: =IF($C69=Q$1,$F69,"") | S69: =IF($C69=S$1,$K69,"") | T69: =IF($C69=S$1,$F69,"") | U69: =IF($C69=U$1,$K69,"") | V69: =IF($C69=U$1,$F69,"") | W69: =IF($C69=W$1,$K69,"") | X69: =IF($C69=W$1,$F69,"") | Y69: =IF($C69=Y$1,$K69,"") | Z69: =IF($C69=Y$1,$F69,"") | AA69: =IF($C69=AA$1,$K69,"") | AB69: =IF($C69=AA$1,$F69,"") | AC69: =IF($C69=AC$1,$K69,"") | AD69: =IF($C69=AC$1,$F69,"") | AE69: =IF($C69=AE$1,$K69,"") | AF69: =IF($C69=AE$1,$F69,"") | AG69: =IF($C69=AG$1,$K69,"") | AH69: =IF($C69=AG$1,$F69,"") | AI69: =IF($C69=AI$1,$K69,"") | AJ69: =IF($C69=AI$1,$F69,"") | AK69: =IF($C69=AK$1,$K69,"") | AL69: =IF($C69=AK$1,$F69,"") | AM69: =IF($C69=AM$1,$K69,"") | AN69: =IF($C69=AM$1,$F69,"") | AO69: =IF($C69=AO$1,$K69,"") -> 19420.95 | AP69: =IF($C69=AO$1,$F69,"") -> 30.11 | AQ69: =IF($F69="",0,IF($D69=AQ$1,$F69,0)) -> 0 | AR69: =IF($D69=AQ$1,N($K69)-N($L69)-N($O69),0) -> 0 | AS69: =IF($F69="",0,IF($D69=AS$1,$F69,0)) -> 30.11 | AT69: =IF($D69=AS$1,N($K69)-N($L69)-N($O69),0) -> 1050.95 | AU69: =IF(N($J69)>0,N($F69),0) -> 30.11 | AV69: =IF(N($J69)>0,$F69*$J69,0) -> 602.2
A70: 46087 | B70: Rock | C70: Kochammini | D70: WO Pass | E70: =E69+1 -> 68 | F70: 20.02 | G70: 610 | H70: 645 | I70: 0 | J70: 20 | K70: =IF($F70="","",$F70*$H70) -> 12912.9 | L70: =IFERROR(ROUND($F70*$G70,-1),"") -> 12210 | N70: =IF($F70="","",IF(N($I70)>0,$F70,0)) -> 0 | O70: =IF($F70="","",N($N70)*N($I70)) -> 0 | P70: =IF(OR($C70=P$1,$C70="Titan Rocks"),$K70,"") | Q70: =IF($C70=Q$1,$K70,"") | R70: =IF($C70=Q$1,$F70,"") | S70: =IF($C70=S$1,$K70,"") | T70: =IF($C70=S$1,$F70,"") | U70: =IF($C70=U$1,$K70,"") | V70: =IF($C70=U$1,$F70,"") | W70: =IF($C70=W$1,$K70,"") | X70: =IF($C70=W$1,$F70,"") | Y70: =IF($C70=Y$1,$K70,"") | Z70: =IF($C70=Y$1,$F70,"") | AA70: =IF($C70=AA$1,$K70,"") | AB70: =IF($C70=AA$1,$F70,"") | AC70: =IF($C70=AC$1,$K70,"") | AD70: =IF($C70=AC$1,$F70,"") | AE70: =IF($C70=AE$1,$K70,"") | AF70: =IF($C70=AE$1,$F70,"") | AG70: =IF($C70=AG$1,$K70,"") | AH70: =IF($C70=AG$1,$F70,"") | AI70: =IF($C70=AI$1,$K70,"") | AJ70: =IF($C70=AI$1,$F70,"") | AK70: =IF($C70=AK$1,$K70,"") | AL70: =IF($C70=AK$1,$F70,"") | AM70: =IF($C70=AM$1,$K70,"") | AN70: =IF($C70=AM$1,$F70,"") | AO70: =IF($C70=AO$1,$K70,"") -> 12912.9 | AP70: =IF($C70=AO$1,$F70,"") -> 20.02 | AQ70: =IF($F70="",0,IF($D70=AQ$1,$F70,0)) -> 0 | AR70: =IF($D70=AQ$1,N($K70)-N($L70)-N($O70),0) -> 0 | AS70: =IF($F70="",0,IF($D70=AS$1,$F70,0)) -> 20.02 | AT70: =IF($D70=AS$1,N($K70)-N($L70)-N($O70),0) -> 702.9 | AU70: =IF(N($J70)>0,N($F70),0) -> 20.02 | AV70: =IF(N($J70)>0,$F70*$J70,0) -> 400.4
A71: 46087 | B71: Rock | C71: Kochammini | D71: WO Pass | E71: =E70+1 -> 69 | F71: 21.05 | G71: 610 | H71: 645 | I71: 0 | J71: 20 | K71: =IF($F71="","",$F71*$H71) -> 13577.25 | L71: =IFERROR(ROUND($F71*$G71,-1),"") -> 12840 | N71: =IF($F71="","",IF(N($I71)>0,$F71,0)) -> 0 | O71: =IF($F71="","",N($N71)*N($I71)) -> 0 | P71: =IF(OR($C71=P$1,$C71="Titan Rocks"),$K71,"") | Q71: =IF($C71=Q$1,$K71,"") | R71: =IF($C71=Q$1,$F71,"") | S71: =IF($C71=S$1,$K71,"") | T71: =IF($C71=S$1,$F71,"") | U71: =IF($C71=U$1,$K71,"") | V71: =IF($C71=U$1,$F71,"") | W71: =IF($C71=W$1,$K71,"") | X71: =IF($C71=W$1,$F71,"") | Y71: =IF($C71=Y$1,$K71,"") | Z71: =IF($C71=Y$1,$F71,"") | AA71: =IF($C71=AA$1,$K71,"") | AB71: =IF($C71=AA$1,$F71,"") | AC71: =IF($C71=AC$1,$K71,"") | AD71: =IF($C71=AC$1,$F71,"") | AE71: =IF($C71=AE$1,$K71,"") | AF71: =IF($C71=AE$1,$F71,"") | AG71: =IF($C71=AG$1,$K71,"") | AH71: =IF($C71=AG$1,$F71,"") | AI71: =IF($C71=AI$1,$K71,"") | AJ71: =IF($C71=AI$1,$F71,"") | AK71: =IF($C71=AK$1,$K71,"") | AL71: =IF($C71=AK$1,$F71,"") | AM71: =IF($C71=AM$1,$K71,"") | AN71: =IF($C71=AM$1,$F71,"") | AO71: =IF($C71=AO$1,$K71,"") -> 13577.25 | AP71: =IF($C71=AO$1,$F71,"") -> 21.05 | AQ71: =IF($F71="",0,IF($D71=AQ$1,$F71,0)) -> 0 | AR71: =IF($D71=AQ$1,N($K71)-N($L71)-N($O71),0) -> 0 | AS71: =IF($F71="",0,IF($D71=AS$1,$F71,0)) -> 21.05 | AT71: =IF($D71=AS$1,N($K71)-N($L71)-N($O71),0) -> 737.25 | AU71: =IF(N($J71)>0,N($F71),0) -> 21.05 | AV71: =IF(N($J71)>0,$F71*$J71,0) -> 421
A72: 46087 | B72: Rock | C72: Kochammini | D72: WO Pass | E72: =E71+1 -> 70 | F72: 31.31 | G72: 610 | H72: 645 | I72: 0 | J72: 20 | K72: =IF($F72="","",$F72*$H72) -> 20194.95 | L72: =IFERROR(ROUND($F72*$G72,-1),"") -> 19100 | N72: =IF($F72="","",IF(N($I72)>0,$F72,0)) -> 0 | O72: =IF($F72="","",N($N72)*N($I72)) -> 0 | P72: =IF(OR($C72=P$1,$C72="Titan Rocks"),$K72,"") | Q72: =IF($C72=Q$1,$K72,"") | R72: =IF($C72=Q$1,$F72,"") | S72: =IF($C72=S$1,$K72,"") | T72: =IF($C72=S$1,$F72,"") | U72: =IF($C72=U$1,$K72,"") | V72: =IF($C72=U$1,$F72,"") | W72: =IF($C72=W$1,$K72,"") | X72: =IF($C72=W$1,$F72,"") | Y72: =IF($C72=Y$1,$K72,"") | Z72: =IF($C72=Y$1,$F72,"") | AA72: =IF($C72=AA$1,$K72,"") | AB72: =IF($C72=AA$1,$F72,"") | AC72: =IF($C72=AC$1,$K72,"") | AD72: =IF($C72=AC$1,$F72,"") | AE72: =IF($C72=AE$1,$K72,"") | AF72: =IF($C72=AE$1,$F72,"") | AG72: =IF($C72=AG$1,$K72,"") | AH72: =IF($C72=AG$1,$F72,"") | AI72: =IF($C72=AI$1,$K72,"") | AJ72: =IF($C72=AI$1,$F72,"") | AK72: =IF($C72=AK$1,$K72,"") | AL72: =IF($C72=AK$1,$F72,"") | AM72: =IF($C72=AM$1,$K72,"") | AN72: =IF($C72=AM$1,$F72,"") | AO72: =IF($C72=AO$1,$K72,"") -> 20194.95 | AP72: =IF($C72=AO$1,$F72,"") -> 31.31 | AQ72: =IF($F72="",0,IF($D72=AQ$1,$F72,0)) -> 0 | AR72: =IF($D72=AQ$1,N($K72)-N($L72)-N($O72),0) -> 0 | AS72: =IF($F72="",0,IF($D72=AS$1,$F72,0)) -> 31.31 | AT72: =IF($D72=AS$1,N($K72)-N($L72)-N($O72),0) -> 1094.95 | AU72: =IF(N($J72)>0,N($F72),0) -> 31.31 | AV72: =IF(N($J72)>0,$F72*$J72,0) -> 626.2
A73: 46087 | B73: Rock | C73: Kochammini | D73: Pass | E73: =E72+1 -> 71 | F73: 33.27 | G73: 640 | H73: 645 | I73: 0 | J73: 20 | K73: =IF($F73="","",$F73*$H73) -> 21459.15 | L73: =IFERROR(ROUND($F73*$G73,-1),"") -> 21290 | N73: =IF($F73="","",IF(N($I73)>0,$F73,0)) -> 0 | O73: =IF($F73="","",N($N73)*N($I73)) -> 0 | P73: =IF(OR($C73=P$1,$C73="Titan Rocks"),$K73,"") | Q73: =IF($C73=Q$1,$K73,"") | R73: =IF($C73=Q$1,$F73,"") | S73: =IF($C73=S$1,$K73,"") | T73: =IF($C73=S$1,$F73,"") | U73: =IF($C73=U$1,$K73,"") | V73: =IF($C73=U$1,$F73,"") | W73: =IF($C73=W$1,$K73,"") | X73: =IF($C73=W$1,$F73,"") | Y73: =IF($C73=Y$1,$K73,"") | Z73: =IF($C73=Y$1,$F73,"") | AA73: =IF($C73=AA$1,$K73,"") | AB73: =IF($C73=AA$1,$F73,"") | AC73: =IF($C73=AC$1,$K73,"") | AD73: =IF($C73=AC$1,$F73,"") | AE73: =IF($C73=AE$1,$K73,"") | AF73: =IF($C73=AE$1,$F73,"") | AG73: =IF($C73=AG$1,$K73,"") | AH73: =IF($C73=AG$1,$F73,"") | AI73: =IF($C73=AI$1,$K73,"") | AJ73: =IF($C73=AI$1,$F73,"") | AK73: =IF($C73=AK$1,$K73,"") | AL73: =IF($C73=AK$1,$F73,"") | AM73: =IF($C73=AM$1,$K73,"") | AN73: =IF($C73=AM$1,$F73,"") | AO73: =IF($C73=AO$1,$K73,"") -> 21459.15 | AP73: =IF($C73=AO$1,$F73,"") -> 33.27 | AQ73: =IF($F73="",0,IF($D73=AQ$1,$F73,0)) -> 33.27 | AR73: =IF($D73=AQ$1,N($K73)-N($L73)-N($O73),0) -> 169.15 | AS73: =IF($F73="",0,IF($D73=AS$1,$F73,0)) -> 0 | AT73: =IF($D73=AS$1,N($K73)-N($L73)-N($O73),0) -> 0 | AU73: =IF(N($J73)>0,N($F73),0) -> 33.27 | AV73: =IF(N($J73)>0,$F73*$J73,0) -> 665.4
A74: 46087 | B74: Rock | C74: AVK | D74: WO Pass | E74: =E73+1 -> 72 | F74: 35.77 | G74: 610 | H74: 900 | I74: 250 | J74: 20 | K74: =IF($F74="","",$F74*$H74) -> 32193 | L74: =IFERROR(ROUND($F74*$G74,-1),"") -> 21820 | M74: KL 40 Q 3885 | N74: =IF($F74="","",IF(N($I74)>0,$F74,0)) -> 35.77 | O74: =IF($F74="","",N($N74)*N($I74)) -> 8942.5 | P74: =IF(OR($C74=P$1,$C74="Titan Rocks"),$K74,"") | Q74: =IF($C74=Q$1,$K74,"") | R74: =IF($C74=Q$1,$F74,"") | S74: =IF($C74=S$1,$K74,"") -> 32193 | T74: =IF($C74=S$1,$F74,"") -> 35.77 | U74: =IF($C74=U$1,$K74,"") | V74: =IF($C74=U$1,$F74,"") | W74: =IF($C74=W$1,$K74,"") | X74: =IF($C74=W$1,$F74,"") | Y74: =IF($C74=Y$1,$K74,"") | Z74: =IF($C74=Y$1,$F74,"") | AA74: =IF($C74=AA$1,$K74,"") | AB74: =IF($C74=AA$1,$F74,"") | AC74: =IF($C74=AC$1,$K74,"") | AD74: =IF($C74=AC$1,$F74,"") | AE74: =IF($C74=AE$1,$K74,"") | AF74: =IF($C74=AE$1,$F74,"") | AG74: =IF($C74=AG$1,$K74,"") | AH74: =IF($C74=AG$1,$F74,"") | AI74: =IF($C74=AI$1,$K74,"") | AJ74: =IF($C74=AI$1,$F74,"") | AK74: =IF($C74=AK$1,$K74,"") | AL74: =IF($C74=AK$1,$F74,"") | AM74: =IF($C74=AM$1,$K74,"") | AN74: =IF($C74=AM$1,$F74,"") | AO74: =IF($C74=AO$1,$K74,"") | AP74: =IF($C74=AO$1,$F74,"") | AQ74: =IF($F74="",0,IF($D74=AQ$1,$F74,0)) -> 0 | AR74: =IF($D74=AQ$1,N($K74)-N($L74)-N($O74),0) -> 0 | AS74: =IF($F74="",0,IF($D74=AS$1,$F74,0)) -> 35.77 | AT74: =IF($D74=AS$1,N($K74)-N($L74)-N($O74),0) -> 1430.5 | AU74: =IF(N($J74)>0,N($F74),0) -> 35.77 | AV74: =IF(N($J74)>0,$F74*$J74,0) -> 715.4
A75: 46088 | B75: Rock | C75: AVK | D75: WO Pass | E75: =E74+1 -> 73 | F75: 28.54 | G75: 610 | H75: 900 | I75: 250 | J75: 20 | K75: =IF($F75="","",$F75*$H75) -> 25686 | L75: =IFERROR(ROUND($F75*$G75,-1),"") -> 17410 | M75: KL 40 Q 3885 | N75: =IF($F75="","",IF(N($I75)>0,$F75,0)) -> 28.54 | O75: =IF($F75="","",N($N75)*N($I75)) -> 7135 | P75: =IF(OR($C75=P$1,$C75="Titan Rocks"),$K75,"") | Q75: =IF($C75=Q$1,$K75,"") | R75: =IF($C75=Q$1,$F75,"") | S75: =IF($C75=S$1,$K75,"") -> 25686 | T75: =IF($C75=S$1,$F75,"") -> 28.54 | U75: =IF($C75=U$1,$K75,"") | V75: =IF($C75=U$1,$F75,"") | W75: =IF($C75=W$1,$K75,"") | X75: =IF($C75=W$1,$F75,"") | Y75: =IF($C75=Y$1,$K75,"") | Z75: =IF($C75=Y$1,$F75,"") | AA75: =IF($C75=AA$1,$K75,"") | AB75: =IF($C75=AA$1,$F75,"") | AC75: =IF($C75=AC$1,$K75,"") | AD75: =IF($C75=AC$1,$F75,"") | AE75: =IF($C75=AE$1,$K75,"") | AF75: =IF($C75=AE$1,$F75,"") | AG75: =IF($C75=AG$1,$K75,"") | AH75: =IF($C75=AG$1,$F75,"") | AI75: =IF($C75=AI$1,$K75,"") | AJ75: =IF($C75=AI$1,$F75,"") | AK75: =IF($C75=AK$1,$K75,"") | AL75: =IF($C75=AK$1,$F75,"") | AM75: =IF($C75=AM$1,$K75,"") | AN75: =IF($C75=AM$1,$F75,"") | AO75: =IF($C75=AO$1,$K75,"") | AP75: =IF($C75=AO$1,$F75,"") | AQ75: =IF($F75="",0,IF($D75=AQ$1,$F75,0)) -> 0 | AR75: =IF($D75=AQ$1,N($K75)-N($L75)-N($O75),0) -> 0 | AS75: =IF($F75="",0,IF($D75=AS$1,$F75,0)) -> 28.54 | AT75: =IF($D75=AS$1,N($K75)-N($L75)-N($O75),0) -> 1141 | AU75: =IF(N($J75)>0,N($F75),0) -> 28.54 | AV75: =IF(N($J75)>0,$F75*$J75,0) -> 570.8
A76: 46088 | B76: Rock | C76: Kochammini | D76: Pass | E76: =E75+1 -> 74 | F76: 20.88 | G76: 640 | H76: 645 | I76: 0 | J76: 20 | K76: =IF($F76="","",$F76*$H76) -> 13467.6 | L76: =IFERROR(ROUND($F76*$G76,-1),"") -> 13360 | N76: =IF($F76="","",IF(N($I76)>0,$F76,0)) -> 0 | O76: =IF($F76="","",N($N76)*N($I76)) -> 0 | P76: =IF(OR($C76=P$1,$C76="Titan Rocks"),$K76,"") | Q76: =IF($C76=Q$1,$K76,"") | R76: =IF($C76=Q$1,$F76,"") | S76: =IF($C76=S$1,$K76,"") | T76: =IF($C76=S$1,$F76,"") | U76: =IF($C76=U$1,$K76,"") | V76: =IF($C76=U$1,$F76,"") | W76: =IF($C76=W$1,$K76,"") | X76: =IF($C76=W$1,$F76,"") | Y76: =IF($C76=Y$1,$K76,"") | Z76: =IF($C76=Y$1,$F76,"") | AA76: =IF($C76=AA$1,$K76,"") | AB76: =IF($C76=AA$1,$F76,"") | AC76: =IF($C76=AC$1,$K76,"") | AD76: =IF($C76=AC$1,$F76,"") | AE76: =IF($C76=AE$1,$K76,"") | AF76: =IF($C76=AE$1,$F76,"") | AG76: =IF($C76=AG$1,$K76,"") | AH76: =IF($C76=AG$1,$F76,"") | AI76: =IF($C76=AI$1,$K76,"") | AJ76: =IF($C76=AI$1,$F76,"") | AK76: =IF($C76=AK$1,$K76,"") | AL76: =IF($C76=AK$1,$F76,"") | AM76: =IF($C76=AM$1,$K76,"") | AN76: =IF($C76=AM$1,$F76,"") | AO76: =IF($C76=AO$1,$K76,"") -> 13467.6 | AP76: =IF($C76=AO$1,$F76,"") -> 20.88 | AQ76: =IF($F76="",0,IF($D76=AQ$1,$F76,0)) -> 20.88 | AR76: =IF($D76=AQ$1,N($K76)-N($L76)-N($O76),0) -> 107.6 | AS76: =IF($F76="",0,IF($D76=AS$1,$F76,0)) -> 0 | AT76: =IF($D76=AS$1,N($K76)-N($L76)-N($O76),0) -> 0 | AU76: =IF(N($J76)>0,N($F76),0) -> 20.88 | AV76: =IF(N($J76)>0,$F76*$J76,0) -> 417.6
A77: 46088 | B77: Rock | C77: Kochammini | D77: WO Pass | E77: =E76+1 -> 75 | F77: 31.38 | G77: 610 | H77: 645 | I77: 0 | J77: 20 | K77: =IF($F77="","",$F77*$H77) -> 20240.1 | L77: =IFERROR(ROUND($F77*$G77,-1),"") -> 19140 | N77: =IF($F77="","",IF(N($I77)>0,$F77,0)) -> 0 | O77: =IF($F77="","",N($N77)*N($I77)) -> 0 | P77: =IF(OR($C77=P$1,$C77="Titan Rocks"),$K77,"") | Q77: =IF($C77=Q$1,$K77,"") | R77: =IF($C77=Q$1,$F77,"") | S77: =IF($C77=S$1,$K77,"") | T77: =IF($C77=S$1,$F77,"") | U77: =IF($C77=U$1,$K77,"") | V77: =IF($C77=U$1,$F77,"") | W77: =IF($C77=W$1,$K77,"") | X77: =IF($C77=W$1,$F77,"") | Y77: =IF($C77=Y$1,$K77,"") | Z77: =IF($C77=Y$1,$F77,"") | AA77: =IF($C77=AA$1,$K77,"") | AB77: =IF($C77=AA$1,$F77,"") | AC77: =IF($C77=AC$1,$K77,"") | AD77: =IF($C77=AC$1,$F77,"") | AE77: =IF($C77=AE$1,$K77,"") | AF77: =IF($C77=AE$1,$F77,"") | AG77: =IF($C77=AG$1,$K77,"") | AH77: =IF($C77=AG$1,$F77,"") | AI77: =IF($C77=AI$1,$K77,"") | AJ77: =IF($C77=AI$1,$F77,"") | AK77: =IF($C77=AK$1,$K77,"") | AL77: =IF($C77=AK$1,$F77,"") | AM77: =IF($C77=AM$1,$K77,"") | AN77: =IF($C77=AM$1,$F77,"") | AO77: =IF($C77=AO$1,$K77,"") -> 20240.1 | AP77: =IF($C77=AO$1,$F77,"") -> 31.38 | AQ77: =IF($F77="",0,IF($D77=AQ$1,$F77,0)) -> 0 | AR77: =IF($D77=AQ$1,N($K77)-N($L77)-N($O77),0) -> 0 | AS77: =IF($F77="",0,IF($D77=AS$1,$F77,0)) -> 31.38 | AT77: =IF($D77=AS$1,N($K77)-N($L77)-N($O77),0) -> 1100.1 | AU77: =IF(N($J77)>0,N($F77),0) -> 31.38 | AV77: =IF(N($J77)>0,$F77*$J77,0) -> 627.6
A78: 46088 | B78: Rock | C78: Kochammini | D78: Pass | E78: =E77+1 -> 76 | F78: 33.58 | G78: 640 | H78: 645 | I78: 0 | J78: 20 | K78: =IF($F78="","",$F78*$H78) -> 21659.1 | L78: =IFERROR(ROUND($F78*$G78,-1),"") -> 21490 | N78: =IF($F78="","",IF(N($I78)>0,$F78,0)) -> 0 | O78: =IF($F78="","",N($N78)*N($I78)) -> 0 | P78: =IF(OR($C78=P$1,$C78="Titan Rocks"),$K78,"") | Q78: =IF($C78=Q$1,$K78,"") | R78: =IF($C78=Q$1,$F78,"") | S78: =IF($C78=S$1,$K78,"") | T78: =IF($C78=S$1,$F78,"") | U78: =IF($C78=U$1,$K78,"") | V78: =IF($C78=U$1,$F78,"") | W78: =IF($C78=W$1,$K78,"") | X78: =IF($C78=W$1,$F78,"") | Y78: =IF($C78=Y$1,$K78,"") | Z78: =IF($C78=Y$1,$F78,"") | AA78: =IF($C78=AA$1,$K78,"") | AB78: =IF($C78=AA$1,$F78,"") | AC78: =IF($C78=AC$1,$K78,"") | AD78: =IF($C78=AC$1,$F78,"") | AE78: =IF($C78=AE$1,$K78,"") | AF78: =IF($C78=AE$1,$F78,"") | AG78: =IF($C78=AG$1,$K78,"") | AH78: =IF($C78=AG$1,$F78,"") | AI78: =IF($C78=AI$1,$K78,"") | AJ78: =IF($C78=AI$1,$F78,"") | AK78: =IF($C78=AK$1,$K78,"") | AL78: =IF($C78=AK$1,$F78,"") | AM78: =IF($C78=AM$1,$K78,"") | AN78: =IF($C78=AM$1,$F78,"") | AO78: =IF($C78=AO$1,$K78,"") -> 21659.1 | AP78: =IF($C78=AO$1,$F78,"") -> 33.58 | AQ78: =IF($F78="",0,IF($D78=AQ$1,$F78,0)) -> 33.58 | AR78: =IF($D78=AQ$1,N($K78)-N($L78)-N($O78),0) -> 169.1 | AS78: =IF($F78="",0,IF($D78=AS$1,$F78,0)) -> 0 | AT78: =IF($D78=AS$1,N($K78)-N($L78)-N($O78),0) -> 0 | AU78: =IF(N($J78)>0,N($F78),0) -> 33.58 | AV78: =IF(N($J78)>0,$F78*$J78,0) -> 671.6
A79: 46088 | B79: Rock | C79: Kochammini | D79: WO Pass | E79: =E78+1 -> 77 | F79: 21.02 | G79: 610 | H79: 645 | I79: 0 | J79: 20 | K79: =IF($F79="","",$F79*$H79) -> 13557.9 | L79: =IFERROR(ROUND($F79*$G79,-1),"") -> 12820 | N79: =IF($F79="","",IF(N($I79)>0,$F79,0)) -> 0 | O79: =IF($F79="","",N($N79)*N($I79)) -> 0 | P79: =IF(OR($C79=P$1,$C79="Titan Rocks"),$K79,"") | Q79: =IF($C79=Q$1,$K79,"") | R79: =IF($C79=Q$1,$F79,"") | S79: =IF($C79=S$1,$K79,"") | T79: =IF($C79=S$1,$F79,"") | U79: =IF($C79=U$1,$K79,"") | V79: =IF($C79=U$1,$F79,"") | W79: =IF($C79=W$1,$K79,"") | X79: =IF($C79=W$1,$F79,"") | Y79: =IF($C79=Y$1,$K79,"") | Z79: =IF($C79=Y$1,$F79,"") | AA79: =IF($C79=AA$1,$K79,"") | AB79: =IF($C79=AA$1,$F79,"") | AC79: =IF($C79=AC$1,$K79,"") | AD79: =IF($C79=AC$1,$F79,"") | AE79: =IF($C79=AE$1,$K79,"") | AF79: =IF($C79=AE$1,$F79,"") | AG79: =IF($C79=AG$1,$K79,"") | AH79: =IF($C79=AG$1,$F79,"") | AI79: =IF($C79=AI$1,$K79,"") | AJ79: =IF($C79=AI$1,$F79,"") | AK79: =IF($C79=AK$1,$K79,"") | AL79: =IF($C79=AK$1,$F79,"") | AM79: =IF($C79=AM$1,$K79,"") | AN79: =IF($C79=AM$1,$F79,"") | AO79: =IF($C79=AO$1,$K79,"") -> 13557.9 | AP79: =IF($C79=AO$1,$F79,"") -> 21.02 | AQ79: =IF($F79="",0,IF($D79=AQ$1,$F79,0)) -> 0 | AR79: =IF($D79=AQ$1,N($K79)-N($L79)-N($O79),0) -> 0 | AS79: =IF($F79="",0,IF($D79=AS$1,$F79,0)) -> 21.02 | AT79: =IF($D79=AS$1,N($K79)-N($L79)-N($O79),0) -> 737.9 | AU79: =IF(N($J79)>0,N($F79),0) -> 21.02 | AV79: =IF(N($J79)>0,$F79*$J79,0) -> 420.4
A80: 46088 | B80: Rock | C80: Kochammini | D80: WO Pass | E80: =E79+1 -> 78 | F80: 18.42 | G80: 610 | H80: 645 | I80: 0 | J80: 20 | K80: =IF($F80="","",$F80*$H80) -> 11880.9 | L80: =IFERROR(ROUND($F80*$G80,-1),"") -> 11240 | N80: =IF($F80="","",IF(N($I80)>0,$F80,0)) -> 0 | O80: =IF($F80="","",N($N80)*N($I80)) -> 0 | P80: =IF(OR($C80=P$1,$C80="Titan Rocks"),$K80,"") | Q80: =IF($C80=Q$1,$K80,"") | R80: =IF($C80=Q$1,$F80,"") | S80: =IF($C80=S$1,$K80,"") | T80: =IF($C80=S$1,$F80,"") | U80: =IF($C80=U$1,$K80,"") | V80: =IF($C80=U$1,$F80,"") | W80: =IF($C80=W$1,$K80,"") | X80: =IF($C80=W$1,$F80,"") | Y80: =IF($C80=Y$1,$K80,"") | Z80: =IF($C80=Y$1,$F80,"") | AA80: =IF($C80=AA$1,$K80,"") | AB80: =IF($C80=AA$1,$F80,"") | AC80: =IF($C80=AC$1,$K80,"") | AD80: =IF($C80=AC$1,$F80,"") | AE80: =IF($C80=AE$1,$K80,"") | AF80: =IF($C80=AE$1,$F80,"") | AG80: =IF($C80=AG$1,$K80,"") | AH80: =IF($C80=AG$1,$F80,"") | AI80: =IF($C80=AI$1,$K80,"") | AJ80: =IF($C80=AI$1,$F80,"") | AK80: =IF($C80=AK$1,$K80,"") | AL80: =IF($C80=AK$1,$F80,"") | AM80: =IF($C80=AM$1,$K80,"") | AN80: =IF($C80=AM$1,$F80,"") | AO80: =IF($C80=AO$1,$K80,"") -> 11880.9 | AP80: =IF($C80=AO$1,$F80,"") -> 18.42 | AQ80: =IF($F80="",0,IF($D80=AQ$1,$F80,0)) -> 0 | AR80: =IF($D80=AQ$1,N($K80)-N($L80)-N($O80),0) -> 0 | AS80: =IF($F80="",0,IF($D80=AS$1,$F80,0)) -> 18.42 | AT80: =IF($D80=AS$1,N($K80)-N($L80)-N($O80),0) -> 640.9 | AU80: =IF(N($J80)>0,N($F80),0) -> 18.42 | AV80: =IF(N($J80)>0,$F80*$J80,0) -> 368.4
A81: 46088 | B81: Rock | C81: Kochammini | D81: Pass | E81: =E80+1 -> 79 | F81: 20.71 | G81: 640 | H81: 645 | I81: 0 | J81: 20 | K81: =IF($F81="","",$F81*$H81) -> 13357.95 | L81: =IFERROR(ROUND($F81*$G81,-1),"") -> 13250 | N81: =IF($F81="","",IF(N($I81)>0,$F81,0)) -> 0 | O81: =IF($F81="","",N($N81)*N($I81)) -> 0 | P81: =IF(OR($C81=P$1,$C81="Titan Rocks"),$K81,"") | Q81: =IF($C81=Q$1,$K81,"") | R81: =IF($C81=Q$1,$F81,"") | S81: =IF($C81=S$1,$K81,"") | T81: =IF($C81=S$1,$F81,"") | U81: =IF($C81=U$1,$K81,"") | V81: =IF($C81=U$1,$F81,"") | W81: =IF($C81=W$1,$K81,"") | X81: =IF($C81=W$1,$F81,"") | Y81: =IF($C81=Y$1,$K81,"") | Z81: =IF($C81=Y$1,$F81,"") | AA81: =IF($C81=AA$1,$K81,"") | AB81: =IF($C81=AA$1,$F81,"") | AC81: =IF($C81=AC$1,$K81,"") | AD81: =IF($C81=AC$1,$F81,"") | AE81: =IF($C81=AE$1,$K81,"") | AF81: =IF($C81=AE$1,$F81,"") | AG81: =IF($C81=AG$1,$K81,"") | AH81: =IF($C81=AG$1,$F81,"") | AI81: =IF($C81=AI$1,$K81,"") | AJ81: =IF($C81=AI$1,$F81,"") | AK81: =IF($C81=AK$1,$K81,"") | AL81: =IF($C81=AK$1,$F81,"") | AM81: =IF($C81=AM$1,$K81,"") | AN81: =IF($C81=AM$1,$F81,"") | AO81: =IF($C81=AO$1,$K81,"") -> 13357.95 | AP81: =IF($C81=AO$1,$F81,"") -> 20.71 | AQ81: =IF($F81="",0,IF($D81=AQ$1,$F81,0)) -> 20.71 | AR81: =IF($D81=AQ$1,N($K81)-N($L81)-N($O81),0) -> 107.95 | AS81: =IF($F81="",0,IF($D81=AS$1,$F81,0)) -> 0 | AT81: =IF($D81=AS$1,N($K81)-N($L81)-N($O81),0) -> 0 | AU81: =IF(N($J81)>0,N($F81),0) -> 20.71 | AV81: =IF(N($J81)>0,$F81*$J81,0) -> 414.2
A82: 46088 | B82: Rock | C82: AVK | D82: WO Pass | E82: =E81+1 -> 80 | F82: 34.5 | G82: 610 | H82: 900 | I82: 250 | J82: 20 | K82: =IF($F82="","",$F82*$H82) -> 31050 | L82: =IFERROR(ROUND($F82*$G82,-1),"") -> 21050 | M82: KL 40 Q 3885 | N82: =IF($F82="","",IF(N($I82)>0,$F82,0)) -> 34.5 | O82: =IF($F82="","",N($N82)*N($I82)) -> 8625 | P82: =IF(OR($C82=P$1,$C82="Titan Rocks"),$K82,"") | Q82: =IF($C82=Q$1,$K82,"") | R82: =IF($C82=Q$1,$F82,"") | S82: =IF($C82=S$1,$K82,"") -> 31050 | T82: =IF($C82=S$1,$F82,"") -> 34.5 | U82: =IF($C82=U$1,$K82,"") | V82: =IF($C82=U$1,$F82,"") | W82: =IF($C82=W$1,$K82,"") | X82: =IF($C82=W$1,$F82,"") | Y82: =IF($C82=Y$1,$K82,"") | Z82: =IF($C82=Y$1,$F82,"") | AA82: =IF($C82=AA$1,$K82,"") | AB82: =IF($C82=AA$1,$F82,"") | AC82: =IF($C82=AC$1,$K82,"") | AD82: =IF($C82=AC$1,$F82,"") | AE82: =IF($C82=AE$1,$K82,"") | AF82: =IF($C82=AE$1,$F82,"") | AG82: =IF($C82=AG$1,$K82,"") | AH82: =IF($C82=AG$1,$F82,"") | AI82: =IF($C82=AI$1,$K82,"") | AJ82: =IF($C82=AI$1,$F82,"") | AK82: =IF($C82=AK$1,$K82,"") | AL82: =IF($C82=AK$1,$F82,"") | AM82: =IF($C82=AM$1,$K82,"") | AN82: =IF($C82=AM$1,$F82,"") | AO82: =IF($C82=AO$1,$K82,"") | AP82: =IF($C82=AO$1,$F82,"") | AQ82: =IF($F82="",0,IF($D82=AQ$1,$F82,0)) -> 0 | AR82: =IF($D82=AQ$1,N($K82)-N($L82)-N($O82),0) -> 0 | AS82: =IF($F82="",0,IF($D82=AS$1,$F82,0)) -> 34.5 | AT82: =IF($D82=AS$1,N($K82)-N($L82)-N($O82),0) -> 1375 | AU82: =IF(N($J82)>0,N($F82),0) -> 34.5 | AV82: =IF(N($J82)>0,$F82*$J82,0) -> 690
A83: 46088 | B83: Rock | C83: Kochammini | D83: WO Pass | E83: =E82+1 -> 81 | F83: 20.59 | G83: 610 | H83: 645 | I83: 0 | J83: 20 | K83: =IF($F83="","",$F83*$H83) -> 13280.55 | L83: =IFERROR(ROUND($F83*$G83,-1),"") -> 12560 | N83: =IF($F83="","",IF(N($I83)>0,$F83,0)) -> 0 | O83: =IF($F83="","",N($N83)*N($I83)) -> 0 | P83: =IF(OR($C83=P$1,$C83="Titan Rocks"),$K83,"") | Q83: =IF($C83=Q$1,$K83,"") | R83: =IF($C83=Q$1,$F83,"") | S83: =IF($C83=S$1,$K83,"") | T83: =IF($C83=S$1,$F83,"") | U83: =IF($C83=U$1,$K83,"") | V83: =IF($C83=U$1,$F83,"") | W83: =IF($C83=W$1,$K83,"") | X83: =IF($C83=W$1,$F83,"") | Y83: =IF($C83=Y$1,$K83,"") | Z83: =IF($C83=Y$1,$F83,"") | AA83: =IF($C83=AA$1,$K83,"") | AB83: =IF($C83=AA$1,$F83,"") | AC83: =IF($C83=AC$1,$K83,"") | AD83: =IF($C83=AC$1,$F83,"") | AE83: =IF($C83=AE$1,$K83,"") | AF83: =IF($C83=AE$1,$F83,"") | AG83: =IF($C83=AG$1,$K83,"") | AH83: =IF($C83=AG$1,$F83,"") | AI83: =IF($C83=AI$1,$K83,"") | AJ83: =IF($C83=AI$1,$F83,"") | AK83: =IF($C83=AK$1,$K83,"") | AL83: =IF($C83=AK$1,$F83,"") | AM83: =IF($C83=AM$1,$K83,"") | AN83: =IF($C83=AM$1,$F83,"") | AO83: =IF($C83=AO$1,$K83,"") -> 13280.55 | AP83: =IF($C83=AO$1,$F83,"") -> 20.59 | AQ83: =IF($F83="",0,IF($D83=AQ$1,$F83,0)) -> 0 | AR83: =IF($D83=AQ$1,N($K83)-N($L83)-N($O83),0) -> 0 | AS83: =IF($F83="",0,IF($D83=AS$1,$F83,0)) -> 20.59 | AT83: =IF($D83=AS$1,N($K83)-N($L83)-N($O83),0) -> 720.55 | AU83: =IF(N($J83)>0,N($F83),0) -> 20.59 | AV83: =IF(N($J83)>0,$F83*$J83,0) -> 411.8
A84: 46088 | B84: Rock | C84: Titan Rocks | D84: Pass | E84: =E83+1 -> 82 | F84: 30.22 | G84: 640 | H84: 650 | I84: 0 | J84: 20 | K84: =IF($F84="","",$F84*$H84) -> 19643 | L84: =IFERROR(ROUND($F84*$G84,-1),"") -> 19340 | N84: =IF($F84="","",IF(N($I84)>0,$F84,0)) -> 0 | O84: =IF($F84="","",N($N84)*N($I84)) -> 0 | P84: =IF(OR($C84=P$1,$C84="Titan Rocks"),$K84,"") -> 19643 | Q84: =IF($C84=Q$1,$K84,"") | R84: =IF($C84=Q$1,$F84,"") | S84: =IF($C84=S$1,$K84,"") | T84: =IF($C84=S$1,$F84,"") | U84: =IF($C84=U$1,$K84,"") | V84: =IF($C84=U$1,$F84,"") | W84: =IF($C84=W$1,$K84,"") | X84: =IF($C84=W$1,$F84,"") | Y84: =IF($C84=Y$1,$K84,"") | Z84: =IF($C84=Y$1,$F84,"") | AA84: =IF($C84=AA$1,$K84,"") | AB84: =IF($C84=AA$1,$F84,"") | AC84: =IF($C84=AC$1,$K84,"") | AD84: =IF($C84=AC$1,$F84,"") | AE84: =IF($C84=AE$1,$K84,"") | AF84: =IF($C84=AE$1,$F84,"") | AG84: =IF($C84=AG$1,$K84,"") | AH84: =IF($C84=AG$1,$F84,"") | AI84: =IF($C84=AI$1,$K84,"") | AJ84: =IF($C84=AI$1,$F84,"") | AK84: =IF($C84=AK$1,$K84,"") | AL84: =IF($C84=AK$1,$F84,"") | AM84: =IF($C84=AM$1,$K84,"") | AN84: =IF($C84=AM$1,$F84,"") | AO84: =IF($C84=AO$1,$K84,"") | AP84: =IF($C84=AO$1,$F84,"") | AQ84: =IF($F84="",0,IF($D84=AQ$1,$F84,0)) -> 30.22 | AR84: =IF($D84=AQ$1,N($K84)-N($L84)-N($O84),0) -> 303 | AS84: =IF($F84="",0,IF($D84=AS$1,$F84,0)) -> 0 | AT84: =IF($D84=AS$1,N($K84)-N($L84)-N($O84),0) -> 0 | AU84: =IF(N($J84)>0,N($F84),0) -> 30.22 | AV84: =IF(N($J84)>0,$F84*$J84,0) -> 604.4
A85: 46088 | B85: Rock | C85: Kochammini | D85: WO Pass | E85: =E84+1 -> 83 | F85: 20.37 | G85: 610 | H85: 645 | I85: 0 | J85: 20 | K85: =IF($F85="","",$F85*$H85) -> 13138.65 | L85: =IFERROR(ROUND($F85*$G85,-1),"") -> 12430 | N85: =IF($F85="","",IF(N($I85)>0,$F85,0)) -> 0 | O85: =IF($F85="","",N($N85)*N($I85)) -> 0 | P85: =IF(OR($C85=P$1,$C85="Titan Rocks"),$K85,"") | Q85: =IF($C85=Q$1,$K85,"") | R85: =IF($C85=Q$1,$F85,"") | S85: =IF($C85=S$1,$K85,"") | T85: =IF($C85=S$1,$F85,"") | U85: =IF($C85=U$1,$K85,"") | V85: =IF($C85=U$1,$F85,"") | W85: =IF($C85=W$1,$K85,"") | X85: =IF($C85=W$1,$F85,"") | Y85: =IF($C85=Y$1,$K85,"") | Z85: =IF($C85=Y$1,$F85,"") | AA85: =IF($C85=AA$1,$K85,"") | AB85: =IF($C85=AA$1,$F85,"") | AC85: =IF($C85=AC$1,$K85,"") | AD85: =IF($C85=AC$1,$F85,"") | AE85: =IF($C85=AE$1,$K85,"") | AF85: =IF($C85=AE$1,$F85,"") | AG85: =IF($C85=AG$1,$K85,"") | AH85: =IF($C85=AG$1,$F85,"") | AI85: =IF($C85=AI$1,$K85,"") | AJ85: =IF($C85=AI$1,$F85,"") | AK85: =IF($C85=AK$1,$K85,"") | AL85: =IF($C85=AK$1,$F85,"") | AM85: =IF($C85=AM$1,$K85,"") | AN85: =IF($C85=AM$1,$F85,"") | AO85: =IF($C85=AO$1,$K85,"") -> 13138.65 | AP85: =IF($C85=AO$1,$F85,"") -> 20.37 | AQ85: =IF($F85="",0,IF($D85=AQ$1,$F85,0)) -> 0 | AR85: =IF($D85=AQ$1,N($K85)-N($L85)-N($O85),0) -> 0 | AS85: =IF($F85="",0,IF($D85=AS$1,$F85,0)) -> 20.37 | AT85: =IF($D85=AS$1,N($K85)-N($L85)-N($O85),0) -> 708.65 | AU85: =IF(N($J85)>0,N($F85),0) -> 20.37 | AV85: =IF(N($J85)>0,$F85*$J85,0) -> 407.4
A86: 46088 | B86: Rock | C86: Kochammini | D86: WO Pass | E86: =E85+1 -> 84 | F86: 33.85 | G86: 610 | H86: 645 | I86: 0 | J86: 20 | K86: =IF($F86="","",$F86*$H86) -> 21833.25 | L86: =IFERROR(ROUND($F86*$G86,-1),"") -> 20650 | N86: =IF($F86="","",IF(N($I86)>0,$F86,0)) -> 0 | O86: =IF($F86="","",N($N86)*N($I86)) -> 0 | P86: =IF(OR($C86=P$1,$C86="Titan Rocks"),$K86,"") | Q86: =IF($C86=Q$1,$K86,"") | R86: =IF($C86=Q$1,$F86,"") | S86: =IF($C86=S$1,$K86,"") | T86: =IF($C86=S$1,$F86,"") | U86: =IF($C86=U$1,$K86,"") | V86: =IF($C86=U$1,$F86,"") | W86: =IF($C86=W$1,$K86,"") | X86: =IF($C86=W$1,$F86,"") | Y86: =IF($C86=Y$1,$K86,"") | Z86: =IF($C86=Y$1,$F86,"") | AA86: =IF($C86=AA$1,$K86,"") | AB86: =IF($C86=AA$1,$F86,"") | AC86: =IF($C86=AC$1,$K86,"") | AD86: =IF($C86=AC$1,$F86,"") | AE86: =IF($C86=AE$1,$K86,"") | AF86: =IF($C86=AE$1,$F86,"") | AG86: =IF($C86=AG$1,$K86,"") | AH86: =IF($C86=AG$1,$F86,"") | AI86: =IF($C86=AI$1,$K86,"") | AJ86: =IF($C86=AI$1,$F86,"") | AK86: =IF($C86=AK$1,$K86,"") | AL86: =IF($C86=AK$1,$F86,"") | AM86: =IF($C86=AM$1,$K86,"") | AN86: =IF($C86=AM$1,$F86,"") | AO86: =IF($C86=AO$1,$K86,"") -> 21833.25 | AP86: =IF($C86=AO$1,$F86,"") -> 33.85 | AQ86: =IF($F86="",0,IF($D86=AQ$1,$F86,0)) -> 0 | AR86: =IF($D86=AQ$1,N($K86)-N($L86)-N($O86),0) -> 0 | AS86: =IF($F86="",0,IF($D86=AS$1,$F86,0)) -> 33.85 | AT86: =IF($D86=AS$1,N($K86)-N($L86)-N($O86),0) -> 1183.25 | AU86: =IF(N($J86)>0,N($F86),0) -> 33.85 | AV86: =IF(N($J86)>0,$F86*$J86,0) -> 677
A87: 46088 | B87: Rock | C87: Kochammini | D87: Pass | E87: =E86+1 -> 85 | F87: 19.16 | G87: 640 | H87: 645 | I87: 0 | J87: 20 | K87: =IF($F87="","",$F87*$H87) -> 12358.2 | L87: =IFERROR(ROUND($F87*$G87,-1),"") -> 12260 | N87: =IF($F87="","",IF(N($I87)>0,$F87,0)) -> 0 | O87: =IF($F87="","",N($N87)*N($I87)) -> 0 | P87: =IF(OR($C87=P$1,$C87="Titan Rocks"),$K87,"") | Q87: =IF($C87=Q$1,$K87,"") | R87: =IF($C87=Q$1,$F87,"") | S87: =IF($C87=S$1,$K87,"") | T87: =IF($C87=S$1,$F87,"") | U87: =IF($C87=U$1,$K87,"") | V87: =IF($C87=U$1,$F87,"") | W87: =IF($C87=W$1,$K87,"") | X87: =IF($C87=W$1,$F87,"") | Y87: =IF($C87=Y$1,$K87,"") | Z87: =IF($C87=Y$1,$F87,"") | AA87: =IF($C87=AA$1,$K87,"") | AB87: =IF($C87=AA$1,$F87,"") | AC87: =IF($C87=AC$1,$K87,"") | AD87: =IF($C87=AC$1,$F87,"") | AE87: =IF($C87=AE$1,$K87,"") | AF87: =IF($C87=AE$1,$F87,"") | AG87: =IF($C87=AG$1,$K87,"") | AH87: =IF($C87=AG$1,$F87,"") | AI87: =IF($C87=AI$1,$K87,"") | AJ87: =IF($C87=AI$1,$F87,"") | AK87: =IF($C87=AK$1,$K87,"") | AL87: =IF($C87=AK$1,$F87,"") | AM87: =IF($C87=AM$1,$K87,"") | AN87: =IF($C87=AM$1,$F87,"") | AO87: =IF($C87=AO$1,$K87,"") -> 12358.2 | AP87: =IF($C87=AO$1,$F87,"") -> 19.16 | AQ87: =IF($F87="",0,IF($D87=AQ$1,$F87,0)) -> 19.16 | AR87: =IF($D87=AQ$1,N($K87)-N($L87)-N($O87),0) -> 98.2 | AS87: =IF($F87="",0,IF($D87=AS$1,$F87,0)) -> 0 | AT87: =IF($D87=AS$1,N($K87)-N($L87)-N($O87),0) -> 0 | AU87: =IF(N($J87)>0,N($F87),0) -> 19.16 | AV87: =IF(N($J87)>0,$F87*$J87,0) -> 383.2
A88: 46088 | B88: Rock | C88: Kochammini | D88: WO Pass | E88: =E87+1 -> 86 | F88: 31.34 | G88: 610 | H88: 645 | I88: 0 | J88: 20 | K88: =IF($F88="","",$F88*$H88) -> 20214.3 | L88: =IFERROR(ROUND($F88*$G88,-1),"") -> 19120 | N88: =IF($F88="","",IF(N($I88)>0,$F88,0)) -> 0 | O88: =IF($F88="","",N($N88)*N($I88)) -> 0 | P88: =IF(OR($C88=P$1,$C88="Titan Rocks"),$K88,"") | Q88: =IF($C88=Q$1,$K88,"") | R88: =IF($C88=Q$1,$F88,"") | S88: =IF($C88=S$1,$K88,"") | T88: =IF($C88=S$1,$F88,"") | U88: =IF($C88=U$1,$K88,"") | V88: =IF($C88=U$1,$F88,"") | W88: =IF($C88=W$1,$K88,"") | X88: =IF($C88=W$1,$F88,"") | Y88: =IF($C88=Y$1,$K88,"") | Z88: =IF($C88=Y$1,$F88,"") | AA88: =IF($C88=AA$1,$K88,"") | AB88: =IF($C88=AA$1,$F88,"") | AC88: =IF($C88=AC$1,$K88,"") | AD88: =IF($C88=AC$1,$F88,"") | AE88: =IF($C88=AE$1,$K88,"") | AF88: =IF($C88=AE$1,$F88,"") | AG88: =IF($C88=AG$1,$K88,"") | AH88: =IF($C88=AG$1,$F88,"") | AI88: =IF($C88=AI$1,$K88,"") | AJ88: =IF($C88=AI$1,$F88,"") | AK88: =IF($C88=AK$1,$K88,"") | AL88: =IF($C88=AK$1,$F88,"") | AM88: =IF($C88=AM$1,$K88,"") | AN88: =IF($C88=AM$1,$F88,"") | AO88: =IF($C88=AO$1,$K88,"") -> 20214.3 | AP88: =IF($C88=AO$1,$F88,"") -> 31.34 | AQ88: =IF($F88="",0,IF($D88=AQ$1,$F88,0)) -> 0 | AR88: =IF($D88=AQ$1,N($K88)-N($L88)-N($O88),0) -> 0 | AS88: =IF($F88="",0,IF($D88=AS$1,$F88,0)) -> 31.34 | AT88: =IF($D88=AS$1,N($K88)-N($L88)-N($O88),0) -> 1094.3 | AU88: =IF(N($J88)>0,N($F88),0) -> 31.34 | AV88: =IF(N($J88)>0,$F88*$J88,0) -> 626.8
A89: 46090 | B89: Rock | C89: Kochammini | D89: Pass | E89: =E88+1 -> 87 | F89: 29.88 | G89: 640 | H89: 645 | I89: 0 | J89: 20 | K89: =IF($F89="","",$F89*$H89) -> 19272.6 | L89: =IFERROR(ROUND($F89*$G89,-1),"") -> 19120 | N89: =IF($F89="","",IF(N($I89)>0,$F89,0)) -> 0 | O89: =IF($F89="","",N($N89)*N($I89)) -> 0 | P89: =IF(OR($C89=P$1,$C89="Titan Rocks"),$K89,"") | Q89: =IF($C89=Q$1,$K89,"") | R89: =IF($C89=Q$1,$F89,"") | S89: =IF($C89=S$1,$K89,"") | T89: =IF($C89=S$1,$F89,"") | U89: =IF($C89=U$1,$K89,"") | V89: =IF($C89=U$1,$F89,"") | W89: =IF($C89=W$1,$K89,"") | X89: =IF($C89=W$1,$F89,"") | Y89: =IF($C89=Y$1,$K89,"") | Z89: =IF($C89=Y$1,$F89,"") | AA89: =IF($C89=AA$1,$K89,"") | AB89: =IF($C89=AA$1,$F89,"") | AC89: =IF($C89=AC$1,$K89,"") | AD89: =IF($C89=AC$1,$F89,"") | AE89: =IF($C89=AE$1,$K89,"") | AF89: =IF($C89=AE$1,$F89,"") | AG89: =IF($C89=AG$1,$K89,"") | AH89: =IF($C89=AG$1,$F89,"") | AI89: =IF($C89=AI$1,$K89,"") | AJ89: =IF($C89=AI$1,$F89,"") | AK89: =IF($C89=AK$1,$K89,"") | AL89: =IF($C89=AK$1,$F89,"") | AM89: =IF($C89=AM$1,$K89,"") | AN89: =IF($C89=AM$1,$F89,"") | AO89: =IF($C89=AO$1,$K89,"") -> 19272.6 | AP89: =IF($C89=AO$1,$F89,"") -> 29.88 | AQ89: =IF($F89="",0,IF($D89=AQ$1,$F89,0)) -> 29.88 | AR89: =IF($D89=AQ$1,N($K89)-N($L89)-N($O89),0) -> 152.6 | AS89: =IF($F89="",0,IF($D89=AS$1,$F89,0)) -> 0 | AT89: =IF($D89=AS$1,N($K89)-N($L89)-N($O89),0) -> 0 | AU89: =IF(N($J89)>0,N($F89),0) -> 29.88 | AV89: =IF(N($J89)>0,$F89*$J89,0) -> 597.6
A90: 46090 | B90: Rock | C90: Kochammini | D90: Pass | E90: =E89+1 -> 88 | F90: 30.42 | G90: 640 | H90: 645 | I90: 0 | J90: 20 | K90: =IF($F90="","",$F90*$H90) -> 19620.9 | L90: =IFERROR(ROUND($F90*$G90,-1),"") -> 19470 | N90: =IF($F90="","",IF(N($I90)>0,$F90,0)) -> 0 | O90: =IF($F90="","",N($N90)*N($I90)) -> 0 | P90: =IF(OR($C90=P$1,$C90="Titan Rocks"),$K90,"") | Q90: =IF($C90=Q$1,$K90,"") | R90: =IF($C90=Q$1,$F90,"") | S90: =IF($C90=S$1,$K90,"") | T90: =IF($C90=S$1,$F90,"") | U90: =IF($C90=U$1,$K90,"") | V90: =IF($C90=U$1,$F90,"") | W90: =IF($C90=W$1,$K90,"") | X90: =IF($C90=W$1,$F90,"") | Y90: =IF($C90=Y$1,$K90,"") | Z90: =IF($C90=Y$1,$F90,"") | AA90: =IF($C90=AA$1,$K90,"") | AB90: =IF($C90=AA$1,$F90,"") | AC90: =IF($C90=AC$1,$K90,"") | AD90: =IF($C90=AC$1,$F90,"") | AE90: =IF($C90=AE$1,$K90,"") | AF90: =IF($C90=AE$1,$F90,"") | AG90: =IF($C90=AG$1,$K90,"") | AH90: =IF($C90=AG$1,$F90,"") | AI90: =IF($C90=AI$1,$K90,"") | AJ90: =IF($C90=AI$1,$F90,"") | AK90: =IF($C90=AK$1,$K90,"") | AL90: =IF($C90=AK$1,$F90,"") | AM90: =IF($C90=AM$1,$K90,"") | AN90: =IF($C90=AM$1,$F90,"") | AO90: =IF($C90=AO$1,$K90,"") -> 19620.9 | AP90: =IF($C90=AO$1,$F90,"") -> 30.42 | AQ90: =IF($F90="",0,IF($D90=AQ$1,$F90,0)) -> 30.42 | AR90: =IF($D90=AQ$1,N($K90)-N($L90)-N($O90),0) -> 150.9 | AS90: =IF($F90="",0,IF($D90=AS$1,$F90,0)) -> 0 | AT90: =IF($D90=AS$1,N($K90)-N($L90)-N($O90),0) -> 0 | AU90: =IF(N($J90)>0,N($F90),0) -> 30.42 | AV90: =IF(N($J90)>0,$F90*$J90,0) -> 608.4
A91: 46090 | B91: Rock | C91: Kochammini | D91: Pass | E91: =E90+1 -> 89 | F91: 31.3 | G91: 640 | H91: 645 | I91: 0 | J91: 20 | K91: =IF($F91="","",$F91*$H91) -> 20188.5 | L91: =IFERROR(ROUND($F91*$G91,-1),"") -> 20030 | N91: =IF($F91="","",IF(N($I91)>0,$F91,0)) -> 0 | O91: =IF($F91="","",N($N91)*N($I91)) -> 0 | P91: =IF(OR($C91=P$1,$C91="Titan Rocks"),$K91,"") | Q91: =IF($C91=Q$1,$K91,"") | R91: =IF($C91=Q$1,$F91,"") | S91: =IF($C91=S$1,$K91,"") | T91: =IF($C91=S$1,$F91,"") | U91: =IF($C91=U$1,$K91,"") | V91: =IF($C91=U$1,$F91,"") | W91: =IF($C91=W$1,$K91,"") | X91: =IF($C91=W$1,$F91,"") | Y91: =IF($C91=Y$1,$K91,"") | Z91: =IF($C91=Y$1,$F91,"") | AA91: =IF($C91=AA$1,$K91,"") | AB91: =IF($C91=AA$1,$F91,"") | AC91: =IF($C91=AC$1,$K91,"") | AD91: =IF($C91=AC$1,$F91,"") | AE91: =IF($C91=AE$1,$K91,"") | AF91: =IF($C91=AE$1,$F91,"") | AG91: =IF($C91=AG$1,$K91,"") | AH91: =IF($C91=AG$1,$F91,"") | AI91: =IF($C91=AI$1,$K91,"") | AJ91: =IF($C91=AI$1,$F91,"") | AK91: =IF($C91=AK$1,$K91,"") | AL91: =IF($C91=AK$1,$F91,"") | AM91: =IF($C91=AM$1,$K91,"") | AN91: =IF($C91=AM$1,$F91,"") | AO91: =IF($C91=AO$1,$K91,"") -> 20188.5 | AP91: =IF($C91=AO$1,$F91,"") -> 31.3 | AQ91: =IF($F91="",0,IF($D91=AQ$1,$F91,0)) -> 31.3 | AR91: =IF($D91=AQ$1,N($K91)-N($L91)-N($O91),0) -> 158.5 | AS91: =IF($F91="",0,IF($D91=AS$1,$F91,0)) -> 0 | AT91: =IF($D91=AS$1,N($K91)-N($L91)-N($O91),0) -> 0 | AU91: =IF(N($J91)>0,N($F91),0) -> 31.3 | AV91: =IF(N($J91)>0,$F91*$J91,0) -> 626
A92: 46090 | B92: Rock | C92: AVK | D92: Pass | E92: =E91+1 -> 90 | F92: 34.07 | G92: 640 | H92: 900 | I92: 250 | J92: 20 | K92: =IF($F92="","",$F92*$H92) -> 30663 | L92: =IFERROR(ROUND($F92*$G92,-1),"") -> 21800 | M92: KL 40 Q 3885 | N92: =IF($F92="","",IF(N($I92)>0,$F92,0)) -> 34.07 | O92: =IF($F92="","",N($N92)*N($I92)) -> 8517.5 | P92: =IF(OR($C92=P$1,$C92="Titan Rocks"),$K92,"") | Q92: =IF($C92=Q$1,$K92,"") | R92: =IF($C92=Q$1,$F92,"") | S92: =IF($C92=S$1,$K92,"") -> 30663 | T92: =IF($C92=S$1,$F92,"") -> 34.07 | U92: =IF($C92=U$1,$K92,"") | V92: =IF($C92=U$1,$F92,"") | W92: =IF($C92=W$1,$K92,"") | X92: =IF($C92=W$1,$F92,"") | Y92: =IF($C92=Y$1,$K92,"") | Z92: =IF($C92=Y$1,$F92,"") | AA92: =IF($C92=AA$1,$K92,"") | AB92: =IF($C92=AA$1,$F92,"") | AC92: =IF($C92=AC$1,$K92,"") | AD92: =IF($C92=AC$1,$F92,"") | AE92: =IF($C92=AE$1,$K92,"") | AF92: =IF($C92=AE$1,$F92,"") | AG92: =IF($C92=AG$1,$K92,"") | AH92: =IF($C92=AG$1,$F92,"") | AI92: =IF($C92=AI$1,$K92,"") | AJ92: =IF($C92=AI$1,$F92,"") | AK92: =IF($C92=AK$1,$K92,"") | AL92: =IF($C92=AK$1,$F92,"") | AM92: =IF($C92=AM$1,$K92,"") | AN92: =IF($C92=AM$1,$F92,"") | AO92: =IF($C92=AO$1,$K92,"") | AP92: =IF($C92=AO$1,$F92,"") | AQ92: =IF($F92="",0,IF($D92=AQ$1,$F92,0)) -> 34.07 | AR92: =IF($D92=AQ$1,N($K92)-N($L92)-N($O92),0) -> 345.5 | AS92: =IF($F92="",0,IF($D92=AS$1,$F92,0)) -> 0 | AT92: =IF($D92=AS$1,N($K92)-N($L92)-N($O92),0) -> 0 | AU92: =IF(N($J92)>0,N($F92),0) -> 34.07 | AV92: =IF(N($J92)>0,$F92*$J92,0) -> 681.4
A93: 46090 | B93: Rock | C93: Kochammini | D93: WO Pass | E93: =E92+1 -> 91 | F93: 32.4 | G93: 610 | H93: 645 | I93: 0 | J93: 20 | K93: =IF($F93="","",$F93*$H93) -> 20898 | L93: =IFERROR(ROUND($F93*$G93,-1),"") -> 19760 | N93: =IF($F93="","",IF(N($I93)>0,$F93,0)) -> 0 | O93: =IF($F93="","",N($N93)*N($I93)) -> 0 | P93: =IF(OR($C93=P$1,$C93="Titan Rocks"),$K93,"") | Q93: =IF($C93=Q$1,$K93,"") | R93: =IF($C93=Q$1,$F93,"") | S93: =IF($C93=S$1,$K93,"") | T93: =IF($C93=S$1,$F93,"") | U93: =IF($C93=U$1,$K93,"") | V93: =IF($C93=U$1,$F93,"") | W93: =IF($C93=W$1,$K93,"") | X93: =IF($C93=W$1,$F93,"") | Y93: =IF($C93=Y$1,$K93,"") | Z93: =IF($C93=Y$1,$F93,"") | AA93: =IF($C93=AA$1,$K93,"") | AB93: =IF($C93=AA$1,$F93,"") | AC93: =IF($C93=AC$1,$K93,"") | AD93: =IF($C93=AC$1,$F93,"") | AE93: =IF($C93=AE$1,$K93,"") | AF93: =IF($C93=AE$1,$F93,"") | AG93: =IF($C93=AG$1,$K93,"") | AH93: =IF($C93=AG$1,$F93,"") | AI93: =IF($C93=AI$1,$K93,"") | AJ93: =IF($C93=AI$1,$F93,"") | AK93: =IF($C93=AK$1,$K93,"") | AL93: =IF($C93=AK$1,$F93,"") | AM93: =IF($C93=AM$1,$K93,"") | AN93: =IF($C93=AM$1,$F93,"") | AO93: =IF($C93=AO$1,$K93,"") -> 20898 | AP93: =IF($C93=AO$1,$F93,"") -> 32.4 | AQ93: =IF($F93="",0,IF($D93=AQ$1,$F93,0)) -> 0 | AR93: =IF($D93=AQ$1,N($K93)-N($L93)-N($O93),0) -> 0 | AS93: =IF($F93="",0,IF($D93=AS$1,$F93,0)) -> 32.4 | AT93: =IF($D93=AS$1,N($K93)-N($L93)-N($O93),0) -> 1138 | AU93: =IF(N($J93)>0,N($F93),0) -> 32.4 | AV93: =IF(N($J93)>0,$F93*$J93,0) -> 648
A94: 46090 | B94: Rock | C94: Kochammini | D94: WO Pass | E94: =E93+1 -> 92 | F94: 32.29 | G94: 610 | H94: 645 | I94: 0 | J94: 20 | K94: =IF($F94="","",$F94*$H94) -> 20827.05 | L94: =IFERROR(ROUND($F94*$G94,-1),"") -> 19700 | N94: =IF($F94="","",IF(N($I94)>0,$F94,0)) -> 0 | O94: =IF($F94="","",N($N94)*N($I94)) -> 0 | P94: =IF(OR($C94=P$1,$C94="Titan Rocks"),$K94,"") | Q94: =IF($C94=Q$1,$K94,"") | R94: =IF($C94=Q$1,$F94,"") | S94: =IF($C94=S$1,$K94,"") | T94: =IF($C94=S$1,$F94,"") | U94: =IF($C94=U$1,$K94,"") | V94: =IF($C94=U$1,$F94,"") | W94: =IF($C94=W$1,$K94,"") | X94: =IF($C94=W$1,$F94,"") | Y94: =IF($C94=Y$1,$K94,"") | Z94: =IF($C94=Y$1,$F94,"") | AA94: =IF($C94=AA$1,$K94,"") | AB94: =IF($C94=AA$1,$F94,"") | AC94: =IF($C94=AC$1,$K94,"") | AD94: =IF($C94=AC$1,$F94,"") | AE94: =IF($C94=AE$1,$K94,"") | AF94: =IF($C94=AE$1,$F94,"") | AG94: =IF($C94=AG$1,$K94,"") | AH94: =IF($C94=AG$1,$F94,"") | AI94: =IF($C94=AI$1,$K94,"") | AJ94: =IF($C94=AI$1,$F94,"") | AK94: =IF($C94=AK$1,$K94,"") | AL94: =IF($C94=AK$1,$F94,"") | AM94: =IF($C94=AM$1,$K94,"") | AN94: =IF($C94=AM$1,$F94,"") | AO94: =IF($C94=AO$1,$K94,"") -> 20827.05 | AP94: =IF($C94=AO$1,$F94,"") -> 32.29 | AQ94: =IF($F94="",0,IF($D94=AQ$1,$F94,0)) -> 0 | AR94: =IF($D94=AQ$1,N($K94)-N($L94)-N($O94),0) -> 0 | AS94: =IF($F94="",0,IF($D94=AS$1,$F94,0)) -> 32.29 | AT94: =IF($D94=AS$1,N($K94)-N($L94)-N($O94),0) -> 1127.05 | AU94: =IF(N($J94)>0,N($F94),0) -> 32.29 | AV94: =IF(N($J94)>0,$F94*$J94,0) -> 645.8
A95: 46090 | B95: Rock | C95: Kochammini | D95: WO Pass | E95: =E94+1 -> 93 | F95: 32.05 | G95: 610 | H95: 645 | I95: 0 | J95: 20 | K95: =IF($F95="","",$F95*$H95) -> 20672.25 | L95: =IFERROR(ROUND($F95*$G95,-1),"") -> 19550 | N95: =IF($F95="","",IF(N($I95)>0,$F95,0)) -> 0 | O95: =IF($F95="","",N($N95)*N($I95)) -> 0 | P95: =IF(OR($C95=P$1,$C95="Titan Rocks"),$K95,"") | Q95: =IF($C95=Q$1,$K95,"") | R95: =IF($C95=Q$1,$F95,"") | S95: =IF($C95=S$1,$K95,"") | T95: =IF($C95=S$1,$F95,"") | U95: =IF($C95=U$1,$K95,"") | V95: =IF($C95=U$1,$F95,"") | W95: =IF($C95=W$1,$K95,"") | X95: =IF($C95=W$1,$F95,"") | Y95: =IF($C95=Y$1,$K95,"") | Z95: =IF($C95=Y$1,$F95,"") | AA95: =IF($C95=AA$1,$K95,"") | AB95: =IF($C95=AA$1,$F95,"") | AC95: =IF($C95=AC$1,$K95,"") | AD95: =IF($C95=AC$1,$F95,"") | AE95: =IF($C95=AE$1,$K95,"") | AF95: =IF($C95=AE$1,$F95,"") | AG95: =IF($C95=AG$1,$K95,"") | AH95: =IF($C95=AG$1,$F95,"") | AI95: =IF($C95=AI$1,$K95,"") | AJ95: =IF($C95=AI$1,$F95,"") | AK95: =IF($C95=AK$1,$K95,"") | AL95: =IF($C95=AK$1,$F95,"") | AM95: =IF($C95=AM$1,$K95,"") | AN95: =IF($C95=AM$1,$F95,"") | AO95: =IF($C95=AO$1,$K95,"") -> 20672.25 | AP95: =IF($C95=AO$1,$F95,"") -> 32.05 | AQ95: =IF($F95="",0,IF($D95=AQ$1,$F95,0)) -> 0 | AR95: =IF($D95=AQ$1,N($K95)-N($L95)-N($O95),0) -> 0 | AS95: =IF($F95="",0,IF($D95=AS$1,$F95,0)) -> 32.05 | AT95: =IF($D95=AS$1,N($K95)-N($L95)-N($O95),0) -> 1122.25 | AU95: =IF(N($J95)>0,N($F95),0) -> 32.05 | AV95: =IF(N($J95)>0,$F95*$J95,0) -> 641
A96: 46090 | B96: Rock | C96: MR Granites | D96: Pass | E96: =E95+1 -> 94 | F96: 31.93 | G96: 640 | H96: 650 | J96: 20 | K96: =IF($F96="","",$F96*$H96) -> 20754.5 | L96: =IFERROR(ROUND($F96*$G96,-1),"") -> 20440 | N96: =IF($F96="","",IF(N($I96)>0,$F96,0)) -> 0 | O96: =IF($F96="","",N($N96)*N($I96)) -> 0 | P96: =IF(OR($C96=P$1,$C96="Titan Rocks"),$K96,"") | Q96: =IF($C96=Q$1,$K96,"") -> 20754.5 | R96: =IF($C96=Q$1,$F96,"") -> 31.93 | S96: =IF($C96=S$1,$K96,"") | T96: =IF($C96=S$1,$F96,"") | U96: =IF($C96=U$1,$K96,"") | V96: =IF($C96=U$1,$F96,"") | W96: =IF($C96=W$1,$K96,"") | X96: =IF($C96=W$1,$F96,"") | Y96: =IF($C96=Y$1,$K96,"") | Z96: =IF($C96=Y$1,$F96,"") | AA96: =IF($C96=AA$1,$K96,"") | AB96: =IF($C96=AA$1,$F96,"") | AC96: =IF($C96=AC$1,$K96,"") | AD96: =IF($C96=AC$1,$F96,"") | AE96: =IF($C96=AE$1,$K96,"") | AF96: =IF($C96=AE$1,$F96,"") | AG96: =IF($C96=AG$1,$K96,"") | AH96: =IF($C96=AG$1,$F96,"") | AI96: =IF($C96=AI$1,$K96,"") | AJ96: =IF($C96=AI$1,$F96,"") | AK96: =IF($C96=AK$1,$K96,"") | AL96: =IF($C96=AK$1,$F96,"") | AM96: =IF($C96=AM$1,$K96,"") | AN96: =IF($C96=AM$1,$F96,"") | AO96: =IF($C96=AO$1,$K96,"") | AP96: =IF($C96=AO$1,$F96,"") | AQ96: =IF($F96="",0,IF($D96=AQ$1,$F96,0)) -> 31.93 | AR96: =IF($D96=AQ$1,N($K96)-N($L96)-N($O96),0) -> 314.5 | AS96: =IF($F96="",0,IF($D96=AS$1,$F96,0)) -> 0 | AT96: =IF($D96=AS$1,N($K96)-N($L96)-N($O96),0) -> 0 | AU96: =IF(N($J96)>0,N($F96),0) -> 31.93 | AV96: =IF(N($J96)>0,$F96*$J96,0) -> 638.6
A97: 46091 | B97: Rock | C97: AVK | D97: WO Pass | E97: =E96+1 -> 95 | F97: 32.7 | G97: 610 | H97: 900 | I97: 250 | J97: 20 | K97: =IF($F97="","",$F97*$H97) -> 29430 | L97: =IFERROR(ROUND($F97*$G97,-1),"") -> 19950 | M97: KL 40 Q 3885 | N97: =IF($F97="","",IF(N($I97)>0,$F97,0)) -> 32.7 | O97: =IF($F97="","",N($N97)*N($I97)) -> 8175 | P97: =IF(OR($C97=P$1,$C97="Titan Rocks"),$K97,"") | Q97: =IF($C97=Q$1,$K97,"") | R97: =IF($C97=Q$1,$F97,"") | S97: =IF($C97=S$1,$K97,"") -> 29430 | T97: =IF($C97=S$1,$F97,"") -> 32.7 | U97: =IF($C97=U$1,$K97,"") | V97: =IF($C97=U$1,$F97,"") | W97: =IF($C97=W$1,$K97,"") | X97: =IF($C97=W$1,$F97,"") | Y97: =IF($C97=Y$1,$K97,"") | Z97: =IF($C97=Y$1,$F97,"") | AA97: =IF($C97=AA$1,$K97,"") | AB97: =IF($C97=AA$1,$F97,"") | AC97: =IF($C97=AC$1,$K97,"") | AD97: =IF($C97=AC$1,$F97,"") | AE97: =IF($C97=AE$1,$K97,"") | AF97: =IF($C97=AE$1,$F97,"") | AG97: =IF($C97=AG$1,$K97,"") | AH97: =IF($C97=AG$1,$F97,"") | AI97: =IF($C97=AI$1,$K97,"") | AJ97: =IF($C97=AI$1,$F97,"") | AK97: =IF($C97=AK$1,$K97,"") | AL97: =IF($C97=AK$1,$F97,"") | AM97: =IF($C97=AM$1,$K97,"") | AN97: =IF($C97=AM$1,$F97,"") | AO97: =IF($C97=AO$1,$K97,"") | AP97: =IF($C97=AO$1,$F97,"") | AQ97: =IF($F97="",0,IF($D97=AQ$1,$F97,0)) -> 0 | AR97: =IF($D97=AQ$1,N($K97)-N($L97)-N($O97),0) -> 0 | AS97: =IF($F97="",0,IF($D97=AS$1,$F97,0)) -> 32.7 | AT97: =IF($D97=AS$1,N($K97)-N($L97)-N($O97),0) -> 1305 | AU97: =IF(N($J97)>0,N($F97),0) -> 32.7 | AV97: =IF(N($J97)>0,$F97*$J97,0) -> 654
A98: 46091 | B98: Rock | C98: Kochammini | D98: Pass | E98: =E97+1 -> 96 | F98: 32.51 | G98: 640 | H98: 645 | I98: 0 | J98: 20 | K98: =IF($F98="","",$F98*$H98) -> 20968.95 | L98: =IFERROR(ROUND($F98*$G98,-1),"") -> 20810 | M98: Kl 25 Q 5299 | N98: =IF($F98="","",IF(N($I98)>0,$F98,0)) -> 0 | O98: =IF($F98="","",N($N98)*N($I98)) -> 0 | P98: =IF(OR($C98=P$1,$C98="Titan Rocks"),$K98,"") | Q98: =IF($C98=Q$1,$K98,"") | R98: =IF($C98=Q$1,$F98,"") | S98: =IF($C98=S$1,$K98,"") | T98: =IF($C98=S$1,$F98,"") | U98: =IF($C98=U$1,$K98,"") | V98: =IF($C98=U$1,$F98,"") | W98: =IF($C98=W$1,$K98,"") | X98: =IF($C98=W$1,$F98,"") | Y98: =IF($C98=Y$1,$K98,"") | Z98: =IF($C98=Y$1,$F98,"") | AA98: =IF($C98=AA$1,$K98,"") | AB98: =IF($C98=AA$1,$F98,"") | AC98: =IF($C98=AC$1,$K98,"") | AD98: =IF($C98=AC$1,$F98,"") | AE98: =IF($C98=AE$1,$K98,"") | AF98: =IF($C98=AE$1,$F98,"") | AG98: =IF($C98=AG$1,$K98,"") | AH98: =IF($C98=AG$1,$F98,"") | AI98: =IF($C98=AI$1,$K98,"") | AJ98: =IF($C98=AI$1,$F98,"") | AK98: =IF($C98=AK$1,$K98,"") | AL98: =IF($C98=AK$1,$F98,"") | AM98: =IF($C98=AM$1,$K98,"") | AN98: =IF($C98=AM$1,$F98,"") | AO98: =IF($C98=AO$1,$K98,"") -> 20968.95 | AP98: =IF($C98=AO$1,$F98,"") -> 32.51 | AQ98: =IF($F98="",0,IF($D98=AQ$1,$F98,0)) -> 32.51 | AR98: =IF($D98=AQ$1,N($K98)-N($L98)-N($O98),0) -> 158.95 | AS98: =IF($F98="",0,IF($D98=AS$1,$F98,0)) -> 0 | AT98: =IF($D98=AS$1,N($K98)-N($L98)-N($O98),0) -> 0 | AU98: =IF(N($J98)>0,N($F98),0) -> 32.51 | AV98: =IF(N($J98)>0,$F98*$J98,0) -> 650.2
A99: 46091 | B99: Rock | C99: Kochammini | D99: Pass | E99: =E98+1 -> 97 | F99: 31.17 | G99: 640 | H99: 645 | I99: 0 | J99: 20 | K99: =IF($F99="","",$F99*$H99) -> 20104.65 | L99: =IFERROR(ROUND($F99*$G99,-1),"") -> 19950 | M99: KL 07 CP 9255 | N99: =IF($F99="","",IF(N($I99)>0,$F99,0)) -> 0 | O99: =IF($F99="","",N($N99)*N($I99)) -> 0 | P99: =IF(OR($C99=P$1,$C99="Titan Rocks"),$K99,"") | Q99: =IF($C99=Q$1,$K99,"") | R99: =IF($C99=Q$1,$F99,"") | S99: =IF($C99=S$1,$K99,"") | T99: =IF($C99=S$1,$F99,"") | U99: =IF($C99=U$1,$K99,"") | V99: =IF($C99=U$1,$F99,"") | W99: =IF($C99=W$1,$K99,"") | X99: =IF($C99=W$1,$F99,"") | Y99: =IF($C99=Y$1,$K99,"") | Z99: =IF($C99=Y$1,$F99,"") | AA99: =IF($C99=AA$1,$K99,"") | AB99: =IF($C99=AA$1,$F99,"") | AC99: =IF($C99=AC$1,$K99,"") | AD99: =IF($C99=AC$1,$F99,"") | AE99: =IF($C99=AE$1,$K99,"") | AF99: =IF($C99=AE$1,$F99,"") | AG99: =IF($C99=AG$1,$K99,"") | AH99: =IF($C99=AG$1,$F99,"") | AI99: =IF($C99=AI$1,$K99,"") | AJ99: =IF($C99=AI$1,$F99,"") | AK99: =IF($C99=AK$1,$K99,"") | AL99: =IF($C99=AK$1,$F99,"") | AM99: =IF($C99=AM$1,$K99,"") | AN99: =IF($C99=AM$1,$F99,"") | AO99: =IF($C99=AO$1,$K99,"") -> 20104.65 | AP99: =IF($C99=AO$1,$F99,"") -> 31.17 | AQ99: =IF($F99="",0,IF($D99=AQ$1,$F99,0)) -> 31.17 | AR99: =IF($D99=AQ$1,N($K99)-N($L99)-N($O99),0) -> 154.65 | AS99: =IF($F99="",0,IF($D99=AS$1,$F99,0)) -> 0 | AT99: =IF($D99=AS$1,N($K99)-N($L99)-N($O99),0) -> 0 | AU99: =IF(N($J99)>0,N($F99),0) -> 31.17 | AV99: =IF(N($J99)>0,$F99*$J99,0) -> 623.4
A100: 46091 | B100: Rock | C100: Police Mahesh | D100: Pass | E100: =E99+1 -> 98 | F100: 31.14 | G100: 640 | H100: 650 | I100: 0 | J100: 20 | K100: =IF($F100="","",$F100*$H100) -> 20241 | L100: =IFERROR(ROUND($F100*$G100,-1),"") -> 19930 | M100: Kl 40 H 4079 | N100: =IF($F100="","",IF(N($I100)>0,$F100,0)) -> 0 | O100: =IF($F100="","",N($N100)*N($I100)) -> 0 | P100: =IF(OR($C100=P$1,$C100="Titan Rocks"),$K100,"") | Q100: =IF($C100=Q$1,$K100,"") | R100: =IF($C100=Q$1,$F100,"") | S100: =IF($C100=S$1,$K100,"") | T100: =IF($C100=S$1,$F100,"") | U100: =IF($C100=U$1,$K100,"") | V100: =IF($C100=U$1,$F100,"") | W100: =IF($C100=W$1,$K100,"") | X100: =IF($C100=W$1,$F100,"") | Y100: =IF($C100=Y$1,$K100,"") | Z100: =IF($C100=Y$1,$F100,"") | AA100: =IF($C100=AA$1,$K100,"") | AB100: =IF($C100=AA$1,$F100,"") | AC100: =IF($C100=AC$1,$K100,"") | AD100: =IF($C100=AC$1,$F100,"") | AE100: =IF($C100=AE$1,$K100,"") | AF100: =IF($C100=AE$1,$F100,"") | AG100: =IF($C100=AG$1,$K100,"") | AH100: =IF($C100=AG$1,$F100,"") | AI100: =IF($C100=AI$1,$K100,"") -> 20241 | AJ100: =IF($C100=AI$1,$F100,"") -> 31.14 | AK100: =IF($C100=AK$1,$K100,"") | AL100: =IF($C100=AK$1,$F100,"") | AM100: =IF($C100=AM$1,$K100,"") | AN100: =IF($C100=AM$1,$F100,"") | AO100: =IF($C100=AO$1,$K100,"") | AP100: =IF($C100=AO$1,$F100,"") | AQ100: =IF($F100="",0,IF($D100=AQ$1,$F100,0)) -> 31.14 | AR100: =IF($D100=AQ$1,N($K100)-N($L100)-N($O100),0) -> 311 | AS100: =IF($F100="",0,IF($D100=AS$1,$F100,0)) -> 0 | AT100: =IF($D100=AS$1,N($K100)-N($L100)-N($O100),0) -> 0 | AU100: =IF(N($J100)>0,N($F100),0) -> 31.14 | AV100: =IF(N($J100)>0,$F100*$J100,0) -> 622.8
A101: 46091 | B101: Rock | C101: AVK | D101: Pass | E101: =E100+1 -> 99 | F101: 30.61 | G101: 640 | H101: 900 | I101: 250 | J101: 20 | K101: =IF($F101="","",$F101*$H101) -> 27549 | L101: =IFERROR(ROUND($F101*$G101,-1),"") -> 19590 | M101: KL 14 AA 3499 | N101: =IF($F101="","",IF(N($I101)>0,$F101,0)) -> 30.61 | O101: =IF($F101="","",N($N101)*N($I101)) -> 7652.5 | P101: =IF(OR($C101=P$1,$C101="Titan Rocks"),$K101,"") | Q101: =IF($C101=Q$1,$K101,"") | R101: =IF($C101=Q$1,$F101,"") | S101: =IF($C101=S$1,$K101,"") -> 27549 | T101: =IF($C101=S$1,$F101,"") -> 30.61 | U101: =IF($C101=U$1,$K101,"") | V101: =IF($C101=U$1,$F101,"") | W101: =IF($C101=W$1,$K101,"") | X101: =IF($C101=W$1,$F101,"") | Y101: =IF($C101=Y$1,$K101,"") | Z101: =IF($C101=Y$1,$F101,"") | AA101: =IF($C101=AA$1,$K101,"") | AB101: =IF($C101=AA$1,$F101,"") | AC101: =IF($C101=AC$1,$K101,"") | AD101: =IF($C101=AC$1,$F101,"") | AE101: =IF($C101=AE$1,$K101,"") | AF101: =IF($C101=AE$1,$F101,"") | AG101: =IF($C101=AG$1,$K101,"") | AH101: =IF($C101=AG$1,$F101,"") | AI101: =IF($C101=AI$1,$K101,"") | AJ101: =IF($C101=AI$1,$F101,"") | AK101: =IF($C101=AK$1,$K101,"") | AL101: =IF($C101=AK$1,$F101,"") | AM101: =IF($C101=AM$1,$K101,"") | AN101: =IF($C101=AM$1,$F101,"") | AO101: =IF($C101=AO$1,$K101,"") | AP101: =IF($C101=AO$1,$F101,"") | AQ101: =IF($F101="",0,IF($D101=AQ$1,$F101,0)) -> 30.61 | AR101: =IF($D101=AQ$1,N($K101)-N($L101)-N($O101),0) -> 306.5 | AS101: =IF($F101="",0,IF($D101=AS$1,$F101,0)) -> 0 | AT101: =IF($D101=AS$1,N($K101)-N($L101)-N($O101),0) -> 0 | AU101: =IF(N($J101)>0,N($F101),0) -> 30.61 | AV101: =IF(N($J101)>0,$F101*$J101,0) -> 612.2
A102: 46091 | B102: Rock | C102: Kochammini | D102: Pass | E102: =E101+1 -> 100 | F102: 33.41 | G102: 640 | H102: 645 | I102: 0 | J102: 20 | K102: =IF($F102="","",$F102*$H102) -> 21549.45 | L102: =IFERROR(ROUND($F102*$G102,-1),"") -> 21380 | M102: KL 05 AL 8530 | N102: =IF($F102="","",IF(N($I102)>0,$F102,0)) -> 0 | O102: =IF($F102="","",N($N102)*N($I102)) -> 0 | P102: =IF(OR($C102=P$1,$C102="Titan Rocks"),$K102,"") | Q102: =IF($C102=Q$1,$K102,"") | R102: =IF($C102=Q$1,$F102,"") | S102: =IF($C102=S$1,$K102,"") | T102: =IF($C102=S$1,$F102,"") | U102: =IF($C102=U$1,$K102,"") | V102: =IF($C102=U$1,$F102,"") | W102: =IF($C102=W$1,$K102,"") | X102: =IF($C102=W$1,$F102,"") | Y102: =IF($C102=Y$1,$K102,"") | Z102: =IF($C102=Y$1,$F102,"") | AA102: =IF($C102=AA$1,$K102,"") | AB102: =IF($C102=AA$1,$F102,"") | AC102: =IF($C102=AC$1,$K102,"") | AD102: =IF($C102=AC$1,$F102,"") | AE102: =IF($C102=AE$1,$K102,"") | AF102: =IF($C102=AE$1,$F102,"") | AG102: =IF($C102=AG$1,$K102,"") | AH102: =IF($C102=AG$1,$F102,"") | AI102: =IF($C102=AI$1,$K102,"") | AJ102: =IF($C102=AI$1,$F102,"") | AK102: =IF($C102=AK$1,$K102,"") | AL102: =IF($C102=AK$1,$F102,"") | AM102: =IF($C102=AM$1,$K102,"") | AN102: =IF($C102=AM$1,$F102,"") | AO102: =IF($C102=AO$1,$K102,"") -> 21549.45 | AP102: =IF($C102=AO$1,$F102,"") -> 33.41 | AQ102: =IF($F102="",0,IF($D102=AQ$1,$F102,0)) -> 33.41 | AR102: =IF($D102=AQ$1,N($K102)-N($L102)-N($O102),0) -> 169.45 | AS102: =IF($F102="",0,IF($D102=AS$1,$F102,0)) -> 0 | AT102: =IF($D102=AS$1,N($K102)-N($L102)-N($O102),0) -> 0 | AU102: =IF(N($J102)>0,N($F102),0) -> 33.41 | AV102: =IF(N($J102)>0,$F102*$J102,0) -> 668.2
A103: 46091 | B103: Rock | C103: Kochammini | D103: WO Pass | E103: =E102+1 -> 101 | F103: 33.24 | G103: 610 | H103: 645 | I103: 0 | J103: 20 | K103: =IF($F103="","",$F103*$H103) -> 21439.8 | L103: =IFERROR(ROUND($F103*$G103,-1),"") -> 20280 | M103: KL 26 F 9304 | N103: =IF($F103="","",IF(N($I103)>0,$F103,0)) -> 0 | O103: =IF($F103="","",N($N103)*N($I103)) -> 0 | P103: =IF(OR($C103=P$1,$C103="Titan Rocks"),$K103,"") | Q103: =IF($C103=Q$1,$K103,"") | R103: =IF($C103=Q$1,$F103,"") | S103: =IF($C103=S$1,$K103,"") | T103: =IF($C103=S$1,$F103,"") | U103: =IF($C103=U$1,$K103,"") | V103: =IF($C103=U$1,$F103,"") | W103: =IF($C103=W$1,$K103,"") | X103: =IF($C103=W$1,$F103,"") | Y103: =IF($C103=Y$1,$K103,"") | Z103: =IF($C103=Y$1,$F103,"") | AA103: =IF($C103=AA$1,$K103,"") | AB103: =IF($C103=AA$1,$F103,"") | AC103: =IF($C103=AC$1,$K103,"") | AD103: =IF($C103=AC$1,$F103,"") | AE103: =IF($C103=AE$1,$K103,"") | AF103: =IF($C103=AE$1,$F103,"") | AG103: =IF($C103=AG$1,$K103,"") | AH103: =IF($C103=AG$1,$F103,"") | AI103: =IF($C103=AI$1,$K103,"") | AJ103: =IF($C103=AI$1,$F103,"") | AK103: =IF($C103=AK$1,$K103,"") | AL103: =IF($C103=AK$1,$F103,"") | AM103: =IF($C103=AM$1,$K103,"") | AN103: =IF($C103=AM$1,$F103,"") | AO103: =IF($C103=AO$1,$K103,"") -> 21439.8 | AP103: =IF($C103=AO$1,$F103,"") -> 33.24 | AQ103: =IF($F103="",0,IF($D103=AQ$1,$F103,0)) -> 0 | AR103: =IF($D103=AQ$1,N($K103)-N($L103)-N($O103),0) -> 0 | AS103: =IF($F103="",0,IF($D103=AS$1,$F103,0)) -> 33.24 | AT103: =IF($D103=AS$1,N($K103)-N($L103)-N($O103),0) -> 1159.8 | AU103: =IF(N($J103)>0,N($F103),0) -> 33.24 | AV103: =IF(N($J103)>0,$F103*$J103,0) -> 664.8
A104: 46091 | B104: Rock | C104: AVK | D104: WO Pass | E104: =E103+1 -> 102 | F104: 33.41 | G104: 610 | H104: 900 | I104: 250 | J104: 20 | K104: =IF($F104="","",$F104*$H104) -> 30069 | L104: =IFERROR(ROUND($F104*$G104,-1),"") -> 20380 | M104: KL 40 Q 3885 | N104: =IF($F104="","",IF(N($I104)>0,$F104,0)) -> 33.41 | O104: =IF($F104="","",N($N104)*N($I104)) -> 8352.5 | P104: =IF(OR($C104=P$1,$C104="Titan Rocks"),$K104,"") | Q104: =IF($C104=Q$1,$K104,"") | R104: =IF($C104=Q$1,$F104,"") | S104: =IF($C104=S$1,$K104,"") -> 30069 | T104: =IF($C104=S$1,$F104,"") -> 33.41 | U104: =IF($C104=U$1,$K104,"") | V104: =IF($C104=U$1,$F104,"") | W104: =IF($C104=W$1,$K104,"") | X104: =IF($C104=W$1,$F104,"") | Y104: =IF($C104=Y$1,$K104,"") | Z104: =IF($C104=Y$1,$F104,"") | AA104: =IF($C104=AA$1,$K104,"") | AB104: =IF($C104=AA$1,$F104,"") | AC104: =IF($C104=AC$1,$K104,"") | AD104: =IF($C104=AC$1,$F104,"") | AE104: =IF($C104=AE$1,$K104,"") | AF104: =IF($C104=AE$1,$F104,"") | AG104: =IF($C104=AG$1,$K104,"") | AH104: =IF($C104=AG$1,$F104,"") | AI104: =IF($C104=AI$1,$K104,"") | AJ104: =IF($C104=AI$1,$F104,"") | AK104: =IF($C104=AK$1,$K104,"") | AL104: =IF($C104=AK$1,$F104,"") | AM104: =IF($C104=AM$1,$K104,"") | AN104: =IF($C104=AM$1,$F104,"") | AO104: =IF($C104=AO$1,$K104,"") | AP104: =IF($C104=AO$1,$F104,"") | AQ104: =IF($F104="",0,IF($D104=AQ$1,$F104,0)) -> 0 | AR104: =IF($D104=AQ$1,N($K104)-N($L104)-N($O104),0) -> 0 | AS104: =IF($F104="",0,IF($D104=AS$1,$F104,0)) -> 33.41 | AT104: =IF($D104=AS$1,N($K104)-N($L104)-N($O104),0) -> 1336.5 | AU104: =IF(N($J104)>0,N($F104),0) -> 33.41 | AV104: =IF(N($J104)>0,$F104*$J104,0) -> 668.2
A105: 46091 | B105: Rock | C105: Arun Kaavuvila | D105: WO Pass | E105: =E104+1 -> 103 | F105: 23.17 | G105: 610 | H105: 650 | I105: 0 | J105: 20 | K105: =IF($F105="","",$F105*$H105) -> 15060.5 | L105: =IFERROR(ROUND($F105*$G105,-1),"") -> 14130 | M105: KL 02 BS 9636 | N105: =IF($F105="","",IF(N($I105)>0,$F105,0)) -> 0 | O105: =IF($F105="","",N($N105)*N($I105)) -> 0 | P105: =IF(OR($C105=P$1,$C105="Titan Rocks"),$K105,"") | Q105: =IF($C105=Q$1,$K105,"") | R105: =IF($C105=Q$1,$F105,"") | S105: =IF($C105=S$1,$K105,"") | T105: =IF($C105=S$1,$F105,"") | U105: =IF($C105=U$1,$K105,"") | V105: =IF($C105=U$1,$F105,"") | W105: =IF($C105=W$1,$K105,"") | X105: =IF($C105=W$1,$F105,"") | Y105: =IF($C105=Y$1,$K105,"") | Z105: =IF($C105=Y$1,$F105,"") | AA105: =IF($C105=AA$1,$K105,"") | AB105: =IF($C105=AA$1,$F105,"") | AC105: =IF($C105=AC$1,$K105,"") | AD105: =IF($C105=AC$1,$F105,"") | AE105: =IF($C105=AE$1,$K105,"") | AF105: =IF($C105=AE$1,$F105,"") | AG105: =IF($C105=AG$1,$K105,"") -> 15060.5 | AH105: =IF($C105=AG$1,$F105,"") -> 23.17 | AI105: =IF($C105=AI$1,$K105,"") | AJ105: =IF($C105=AI$1,$F105,"") | AK105: =IF($C105=AK$1,$K105,"") | AL105: =IF($C105=AK$1,$F105,"") | AM105: =IF($C105=AM$1,$K105,"") | AN105: =IF($C105=AM$1,$F105,"") | AO105: =IF($C105=AO$1,$K105,"") | AP105: =IF($C105=AO$1,$F105,"") | AQ105: =IF($F105="",0,IF($D105=AQ$1,$F105,0)) -> 0 | AR105: =IF($D105=AQ$1,N($K105)-N($L105)-N($O105),0) -> 0 | AS105: =IF($F105="",0,IF($D105=AS$1,$F105,0)) -> 23.17 | AT105: =IF($D105=AS$1,N($K105)-N($L105)-N($O105),0) -> 930.5 | AU105: =IF(N($J105)>0,N($F105),0) -> 23.17 | AV105: =IF(N($J105)>0,$F105*$J105,0) -> 463.4
A106: 46091 | B106: Rock | C106: Kochammini | D106: WO Pass | E106: =E105+1 -> 104 | F106: 32.8 | G106: 610 | H106: 645 | I106: 0 | J106: 20 | K106: =IF($F106="","",$F106*$H106) -> 21156 | L106: =IFERROR(ROUND($F106*$G106,-1),"") -> 20010 | M106: Kl 25 Q 5299 | N106: =IF($F106="","",IF(N($I106)>0,$F106,0)) -> 0 | O106: =IF($F106="","",N($N106)*N($I106)) -> 0 | P106: =IF(OR($C106=P$1,$C106="Titan Rocks"),$K106,"") | Q106: =IF($C106=Q$1,$K106,"") | R106: =IF($C106=Q$1,$F106,"") | S106: =IF($C106=S$1,$K106,"") | T106: =IF($C106=S$1,$F106,"") | U106: =IF($C106=U$1,$K106,"") | V106: =IF($C106=U$1,$F106,"") | W106: =IF($C106=W$1,$K106,"") | X106: =IF($C106=W$1,$F106,"") | Y106: =IF($C106=Y$1,$K106,"") | Z106: =IF($C106=Y$1,$F106,"") | AA106: =IF($C106=AA$1,$K106,"") | AB106: =IF($C106=AA$1,$F106,"") | AC106: =IF($C106=AC$1,$K106,"") | AD106: =IF($C106=AC$1,$F106,"") | AE106: =IF($C106=AE$1,$K106,"") | AF106: =IF($C106=AE$1,$F106,"") | AG106: =IF($C106=AG$1,$K106,"") | AH106: =IF($C106=AG$1,$F106,"") | AI106: =IF($C106=AI$1,$K106,"") | AJ106: =IF($C106=AI$1,$F106,"") | AK106: =IF($C106=AK$1,$K106,"") | AL106: =IF($C106=AK$1,$F106,"") | AM106: =IF($C106=AM$1,$K106,"") | AN106: =IF($C106=AM$1,$F106,"") | AO106: =IF($C106=AO$1,$K106,"") -> 21156 | AP106: =IF($C106=AO$1,$F106,"") -> 32.8 | AQ106: =IF($F106="",0,IF($D106=AQ$1,$F106,0)) -> 0 | AR106: =IF($D106=AQ$1,N($K106)-N($L106)-N($O106),0) -> 0 | AS106: =IF($F106="",0,IF($D106=AS$1,$F106,0)) -> 32.8 | AT106: =IF($D106=AS$1,N($K106)-N($L106)-N($O106),0) -> 1146 | AU106: =IF(N($J106)>0,N($F106),0) -> 32.8 | AV106: =IF(N($J106)>0,$F106*$J106,0) -> 656
A107: 46091 | B107: Rock | C107: Police Mahesh | D107: WO Pass | E107: =E106+1 -> 105 | F107: 31.43 | G107: 610 | H107: 650 | I107: 0 | J107: 20 | K107: =IF($F107="","",$F107*$H107) -> 20429.5 | L107: =IFERROR(ROUND($F107*$G107,-1),"") -> 19170 | M107: Kl 40 H 4079 | N107: =IF($F107="","",IF(N($I107)>0,$F107,0)) -> 0 | O107: =IF($F107="","",N($N107)*N($I107)) -> 0 | P107: =IF(OR($C107=P$1,$C107="Titan Rocks"),$K107,"") | Q107: =IF($C107=Q$1,$K107,"") | R107: =IF($C107=Q$1,$F107,"") | S107: =IF($C107=S$1,$K107,"") | T107: =IF($C107=S$1,$F107,"") | U107: =IF($C107=U$1,$K107,"") | V107: =IF($C107=U$1,$F107,"") | W107: =IF($C107=W$1,$K107,"") | X107: =IF($C107=W$1,$F107,"") | Y107: =IF($C107=Y$1,$K107,"") | Z107: =IF($C107=Y$1,$F107,"") | AA107: =IF($C107=AA$1,$K107,"") | AB107: =IF($C107=AA$1,$F107,"") | AC107: =IF($C107=AC$1,$K107,"") | AD107: =IF($C107=AC$1,$F107,"") | AE107: =IF($C107=AE$1,$K107,"") | AF107: =IF($C107=AE$1,$F107,"") | AG107: =IF($C107=AG$1,$K107,"") | AH107: =IF($C107=AG$1,$F107,"") | AI107: =IF($C107=AI$1,$K107,"") -> 20429.5 | AJ107: =IF($C107=AI$1,$F107,"") -> 31.43 | AK107: =IF($C107=AK$1,$K107,"") | AL107: =IF($C107=AK$1,$F107,"") | AM107: =IF($C107=AM$1,$K107,"") | AN107: =IF($C107=AM$1,$F107,"") | AO107: =IF($C107=AO$1,$K107,"") | AP107: =IF($C107=AO$1,$F107,"") | AQ107: =IF($F107="",0,IF($D107=AQ$1,$F107,0)) -> 0 | AR107: =IF($D107=AQ$1,N($K107)-N($L107)-N($O107),0) -> 0 | AS107: =IF($F107="",0,IF($D107=AS$1,$F107,0)) -> 31.43 | AT107: =IF($D107=AS$1,N($K107)-N($L107)-N($O107),0) -> 1259.5 | AU107: =IF(N($J107)>0,N($F107),0) -> 31.43 | AV107: =IF(N($J107)>0,$F107*$J107,0) -> 628.6
A108: 46091 | B108: Rock | C108: Kochammini | D108: WO Pass | E108: =E107+1 -> 106 | F108: 32.71 | G108: 610 | H108: 645 | I108: 0 | J108: 20 | K108: =IF($F108="","",$F108*$H108) -> 21097.95 | L108: =IFERROR(ROUND($F108*$G108,-1),"") -> 19950 | M108: KL 07 CP 9255 | N108: =IF($F108="","",IF(N($I108)>0,$F108,0)) -> 0 | O108: =IF($F108="","",N($N108)*N($I108)) -> 0 | P108: =IF(OR($C108=P$1,$C108="Titan Rocks"),$K108,"") | Q108: =IF($C108=Q$1,$K108,"") | R108: =IF($C108=Q$1,$F108,"") | S108: =IF($C108=S$1,$K108,"") | T108: =IF($C108=S$1,$F108,"") | U108: =IF($C108=U$1,$K108,"") | V108: =IF($C108=U$1,$F108,"") | W108: =IF($C108=W$1,$K108,"") | X108: =IF($C108=W$1,$F108,"") | Y108: =IF($C108=Y$1,$K108,"") | Z108: =IF($C108=Y$1,$F108,"") | AA108: =IF($C108=AA$1,$K108,"") | AB108: =IF($C108=AA$1,$F108,"") | AC108: =IF($C108=AC$1,$K108,"") | AD108: =IF($C108=AC$1,$F108,"") | AE108: =IF($C108=AE$1,$K108,"") | AF108: =IF($C108=AE$1,$F108,"") | AG108: =IF($C108=AG$1,$K108,"") | AH108: =IF($C108=AG$1,$F108,"") | AI108: =IF($C108=AI$1,$K108,"") | AJ108: =IF($C108=AI$1,$F108,"") | AK108: =IF($C108=AK$1,$K108,"") | AL108: =IF($C108=AK$1,$F108,"") | AM108: =IF($C108=AM$1,$K108,"") | AN108: =IF($C108=AM$1,$F108,"") | AO108: =IF($C108=AO$1,$K108,"") -> 21097.95 | AP108: =IF($C108=AO$1,$F108,"") -> 32.71 | AQ108: =IF($F108="",0,IF($D108=AQ$1,$F108,0)) -> 0 | AR108: =IF($D108=AQ$1,N($K108)-N($L108)-N($O108),0) -> 0 | AS108: =IF($F108="",0,IF($D108=AS$1,$F108,0)) -> 32.71 | AT108: =IF($D108=AS$1,N($K108)-N($L108)-N($O108),0) -> 1147.95 | AU108: =IF(N($J108)>0,N($F108),0) -> 32.71 | AV108: =IF(N($J108)>0,$F108*$J108,0) -> 654.2
... A116: 46232 | B116: Rock | C116: AVK | D116: WO Pass | E116: =E115+1 -> 114 | F116: 30.45 | G116: 610 | H116: 900 | I116: 220 | J116: 20 | K116: =IF($F116="","",$F116*$H116) -> 27405 | L116: =IFERROR(ROUND($F116*$G116,-1),"") -> 18570 | M116: KL 61 D 5401 | N116: =IF($F116="","",IF(N($I116)>0,$F116,0)) -> 30.45 | O116: =IF($F116="","",N($N116)*N($I116)) -> 6699 | P116: =IF(OR($C116=P$1,$C116="Titan Rocks"),$K116,"") | Q116: =IF($C116=Q$1,$K116,"") | R116: =IF($C116=Q$1,$F116,"") | S116: =IF($C116=S$1,$K116,"") -> 27405 | T116: =IF($C116=S$1,$F116,"") -> 30.45 | U116: =IF($C116=U$1,$K116,"") | V116: =IF($C116=U$1,$F116,"") | W116: =IF($C116=W$1,$K116,"") | X116: =IF($C116=W$1,$F116,"") | Y116: =IF($C116=Y$1,$K116,"") | Z116: =IF($C116=Y$1,$F116,"") | AA116: =IF($C116=AA$1,$K116,"") | AB116: =IF($C116=AA$1,$F116,"") | AC116: =IF($C116=AC$1,$K116,"") | AD116: =IF($C116=AC$1,$F116,"") | AE116: =IF($C116=AE$1,$K116,"") | AF116: =IF($C116=AE$1,$F116,"") | AG116: =IF($C116=AG$1,$K116,"") | AH116: =IF($C116=AG$1,$F116,"") | AI116: =IF($C116=AI$1,$K116,"") | AJ116: =IF($C116=AI$1,$F116,"") | AK116: =IF($C116=AK$1,$K116,"") | AL116: =IF($C116=AK$1,$F116,"") | AM116: =IF($C116=AM$1,$K116,"") | AN116: =IF($C116=AM$1,$F116,"") | AO116: =IF($C116=AO$1,$K116,"") | AP116: =IF($C116=AO$1,$F116,"") | AQ116: =IF($F116="",0,IF($D116=AQ$1,$F116,0)) -> 0 | AR116: =IF($D116=AQ$1,N($K116)-N($L116)-N($O116),0) -> 0 | AS116: =IF($F116="",0,IF($D116=AS$1,$F116,0)) -> 30.45 | AT116: =IF($D116=AS$1,N($K116)-N($L116)-N($O116),0) -> 2136 | AU116: =IF(N($J116)>0,N($F116),0) -> 30.45 | AV116: =IF(N($J116)>0,$F116*$J116,0) -> 609
A117: 46232 | B117: Rock | C117: Desinganad MR own crusher | D117: WO Pass | E117: =E116+1 -> 115 | F117: 32.11 | G117: 610 | H117: 675 | J117: 20 | K117: =IF($F117="","",$F117*$H117) -> 21674.25 | L117: =IFERROR(ROUND($F117*$G117,-1),"") -> 19590 | M117: KI 02 AV 8003 | N117: =IF($F117="","",IF(N($I117)>0,$F117,0)) -> 0 | O117: =IF($F117="","",N($N117)*N($I117)) -> 0 | P117: =IF(OR($C117=P$1,$C117="Titan Rocks"),$K117,"") | Q117: =IF($C117=Q$1,$K117,"") | R117: =IF($C117=Q$1,$F117,"") | S117: =IF($C117=S$1,$K117,"") | T117: =IF($C117=S$1,$F117,"") | U117: =IF($C117=U$1,$K117,"") | V117: =IF($C117=U$1,$F117,"") | W117: =IF($C117=W$1,$K117,"") | X117: =IF($C117=W$1,$F117,"") | Y117: =IF($C117=Y$1,$K117,"") | Z117: =IF($C117=Y$1,$F117,"") | AA117: =IF($C117=AA$1,$K117,"") -> 21674.25 | AB117: =IF($C117=AA$1,$F117,"") -> 32.11 | AC117: =IF($C117=AC$1,$K117,"") | AD117: =IF($C117=AC$1,$F117,"") | AE117: =IF($C117=AE$1,$K117,"") | AF117: =IF($C117=AE$1,$F117,"") | AG117: =IF($C117=AG$1,$K117,"") | AH117: =IF($C117=AG$1,$F117,"") | AI117: =IF($C117=AI$1,$K117,"") | AJ117: =IF($C117=AI$1,$F117,"") | AK117: =IF($C117=AK$1,$K117,"") | AL117: =IF($C117=AK$1,$F117,"") | AM117: =IF($C117=AM$1,$K117,"") | AN117: =IF($C117=AM$1,$F117,"") | AO117: =IF($C117=AO$1,$K117,"") | AP117: =IF($C117=AO$1,$F117,"") | AQ117: =IF($F117="",0,IF($D117=AQ$1,$F117,0)) -> 0 | AR117: =IF($D117=AQ$1,N($K117)-N($L117)-N($O117),0) -> 0 | AS117: =IF($F117="",0,IF($D117=AS$1,$F117,0)) -> 32.11 | AT117: =IF($D117=AS$1,N($K117)-N($L117)-N($O117),0) -> 2084.25 | AU117: =IF(N($J117)>0,N($F117),0) -> 32.11 | AV117: =IF(N($J117)>0,$F117*$J117,0) -> 642.2
A118: 46232 | B118: Rock | C118: AVK | D118: WO Pass | E118: =E117+1 -> 116 | F118: 31.37 | G118: 610 | H118: 900 | I118: 220 | J118: 20 | K118: =IF($F118="","",$F118*$H118) -> 28233 | L118: =IFERROR(ROUND($F118*$G118,-1),"") -> 19140 | M118: KL 58 V 5636 | N118: =IF($F118="","",IF(N($I118)>0,$F118,0)) -> 31.37 | O118: =IF($F118="","",N($N118)*N($I118)) -> 6901.4 | P118: =IF(OR($C118=P$1,$C118="Titan Rocks"),$K118,"") | Q118: =IF($C118=Q$1,$K118,"") | R118: =IF($C118=Q$1,$F118,"") | S118: =IF($C118=S$1,$K118,"") -> 28233 | T118: =IF($C118=S$1,$F118,"") -> 31.37 | U118: =IF($C118=U$1,$K118,"") | V118: =IF($C118=U$1,$F118,"") | W118: =IF($C118=W$1,$K118,"") | X118: =IF($C118=W$1,$F118,"") | Y118: =IF($C118=Y$1,$K118,"") | Z118: =IF($C118=Y$1,$F118,"") | AA118: =IF($C118=AA$1,$K118,"") | AB118: =IF($C118=AA$1,$F118,"") | AC118: =IF($C118=AC$1,$K118,"") | AD118: =IF($C118=AC$1,$F118,"") | AE118: =IF($C118=AE$1,$K118,"") | AF118: =IF($C118=AE$1,$F118,"") | AG118: =IF($C118=AG$1,$K118,"") | AH118: =IF($C118=AG$1,$F118,"") | AI118: =IF($C118=AI$1,$K118,"") | AJ118: =IF($C118=AI$1,$F118,"") | AK118: =IF($C118=AK$1,$K118,"") | AL118: =IF($C118=AK$1,$F118,"") | AM118: =IF($C118=AM$1,$K118,"") | AN118: =IF($C118=AM$1,$F118,"") | AO118: =IF($C118=AO$1,$K118,"") | AP118: =IF($C118=AO$1,$F118,"") | AQ118: =IF($F118="",0,IF($D118=AQ$1,$F118,0)) -> 0 | AR118: =IF($D118=AQ$1,N($K118)-N($L118)-N($O118),0) -> 0 | AS118: =IF($F118="",0,IF($D118=AS$1,$F118,0)) -> 31.37 | AT118: =IF($D118=AS$1,N($K118)-N($L118)-N($O118),0) -> 2191.6 | AU118: =IF(N($J118)>0,N($F118),0) -> 31.37 | AV118: =IF(N($J118)>0,$F118*$J118,0) -> 627.4
A119: 46232 | B119: Rock | C119: MR Granites | D119: Pass | E119: =E118+1 -> 117 | F119: 30.85 | G119: 650 | H119: 675 | K119: =IF($F119="","",$F119*$H119) -> 20823.75 | L119: =IFERROR(ROUND($F119*$G119,-1),"") -> 20050 | M119: KL 82 1325 | N119: =IF($F119="","",IF(N($I119)>0,$F119,0)) -> 0 | O119: =IF($F119="","",N($N119)*N($I119)) -> 0 | P119: =IF(OR($C119=P$1,$C119="Titan Rocks"),$K119,"") | Q119: =IF($C119=Q$1,$K119,"") -> 20823.75 | R119: =IF($C119=Q$1,$F119,"") -> 30.85 | S119: =IF($C119=S$1,$K119,"") | T119: =IF($C119=S$1,$F119,"") | U119: =IF($C119=U$1,$K119,"") | V119: =IF($C119=U$1,$F119,"") | W119: =IF($C119=W$1,$K119,"") | X119: =IF($C119=W$1,$F119,"") | Y119: =IF($C119=Y$1,$K119,"") | Z119: =IF($C119=Y$1,$F119,"") | AA119: =IF($C119=AA$1,$K119,"") | AB119: =IF($C119=AA$1,$F119,"") | AC119: =IF($C119=AC$1,$K119,"") | AD119: =IF($C119=AC$1,$F119,"") | AE119: =IF($C119=AE$1,$K119,"") | AF119: =IF($C119=AE$1,$F119,"") | AG119: =IF($C119=AG$1,$K119,"") | AH119: =IF($C119=AG$1,$F119,"") | AI119: =IF($C119=AI$1,$K119,"") | AJ119: =IF($C119=AI$1,$F119,"") | AK119: =IF($C119=AK$1,$K119,"") | AL119: =IF($C119=AK$1,$F119,"") | AM119: =IF($C119=AM$1,$K119,"") | AN119: =IF($C119=AM$1,$F119,"") | AO119: =IF($C119=AO$1,$K119,"") | AP119: =IF($C119=AO$1,$F119,"") | AQ119: =IF($F119="",0,IF($D119=AQ$1,$F119,0)) -> 30.85 | AR119: =IF($D119=AQ$1,N($K119)-N($L119)-N($O119),0) -> 773.75 | AS119: =IF($F119="",0,IF($D119=AS$1,$F119,0)) -> 0 | AT119: =IF($D119=AS$1,N($K119)-N($L119)-N($O119),0) -> 0 | AU119: =IF(N($J119)>0,N($F119),0) -> 0 | AV119: =IF(N($J119)>0,$F119*$J119,0) -> 0
A120: 46232 | B120: Rock | C120: AVK | D120: Pass | E120: =E119+1 -> 118 | F120: 32.9 | G120: 650 | H120: 900 | I120: 220 | K120: =IF($F120="","",$F120*$H120) -> 29610 | L120: =IFERROR(ROUND($F120*$G120,-1),"") -> 21390 | M120: KL 34 E 6356 | N120: =IF($F120="","",IF(N($I120)>0,$F120,0)) -> 32.9 | O120: =IF($F120="","",N($N120)*N($I120)) -> 7238 | P120: =IF(OR($C120=P$1,$C120="Titan Rocks"),$K120,"") | Q120: =IF($C120=Q$1,$K120,"") | R120: =IF($C120=Q$1,$F120,"") | S120: =IF($C120=S$1,$K120,"") -> 29610 | T120: =IF($C120=S$1,$F120,"") -> 32.9 | U120: =IF($C120=U$1,$K120,"") | V120: =IF($C120=U$1,$F120,"") | W120: =IF($C120=W$1,$K120,"") | X120: =IF($C120=W$1,$F120,"") | Y120: =IF($C120=Y$1,$K120,"") | Z120: =IF($C120=Y$1,$F120,"") | AA120: =IF($C120=AA$1,$K120,"") | AB120: =IF($C120=AA$1,$F120,"") | AC120: =IF($C120=AC$1,$K120,"") | AD120: =IF($C120=AC$1,$F120,"") | AE120: =IF($C120=AE$1,$K120,"") | AF120: =IF($C120=AE$1,$F120,"") | AG120: =IF($C120=AG$1,$K120,"") | AH120: =IF($C120=AG$1,$F120,"") | AI120: =IF($C120=AI$1,$K120,"") | AJ120: =IF($C120=AI$1,$F120,"") | AK120: =IF($C120=AK$1,$K120,"") | AL120: =IF($C120=AK$1,$F120,"") | AM120: =IF($C120=AM$1,$K120,"") | AN120: =IF($C120=AM$1,$F120,"") | AO120: =IF($C120=AO$1,$K120,"") | AP120: =IF($C120=AO$1,$F120,"") | AQ120: =IF($F120="",0,IF($D120=AQ$1,$F120,0)) -> 32.9 | AR120: =IF($D120=AQ$1,N($K120)-N($L120)-N($O120),0) -> 982 | AS120: =IF($F120="",0,IF($D120=AS$1,$F120,0)) -> 0 | AT120: =IF($D120=AS$1,N($K120)-N($L120)-N($O120),0) -> 0 | AU120: =IF(N($J120)>0,N($F120),0) -> 0 | AV120: =IF(N($J120)>0,$F120*$J120,0) -> 0
A121: 46232 | B121: Rock | C121: AVK | D121: Pass | E121: =E120+1 -> 119 | F121: 32.68 | G121: 650 | H121: 900 | I121: 225 | K121: =IF($F121="","",$F121*$H121) -> 29412 | L121: =IFERROR(ROUND($F121*$G121,-1),"") -> 21240 | M121: KL 14 AA 3499 | N121: =IF($F121="","",IF(N($I121)>0,$F121,0)) -> 32.68 | O121: =IF($F121="","",N($N121)*N($I121)) -> 7353 | P121: =IF(OR($C121=P$1,$C121="Titan Rocks"),$K121,"") | Q121: =IF($C121=Q$1,$K121,"") | R121: =IF($C121=Q$1,$F121,"") | S121: =IF($C121=S$1,$K121,"") -> 29412 | T121: =IF($C121=S$1,$F121,"") -> 32.68 | U121: =IF($C121=U$1,$K121,"") | V121: =IF($C121=U$1,$F121,"") | W121: =IF($C121=W$1,$K121,"") | X121: =IF($C121=W$1,$F121,"") | Y121: =IF($C121=Y$1,$K121,"") | Z121: =IF($C121=Y$1,$F121,"") | AA121: =IF($C121=AA$1,$K121,"") | AB121: =IF($C121=AA$1,$F121,"") | AC121: =IF($C121=AC$1,$K121,"") | AD121: =IF($C121=AC$1,$F121,"") | AE121: =IF($C121=AE$1,$K121,"") | AF121: =IF($C121=AE$1,$F121,"") | AG121: =IF($C121=AG$1,$K121,"") | AH121: =IF($C121=AG$1,$F121,"") | AI121: =IF($C121=AI$1,$K121,"") | AJ121: =IF($C121=AI$1,$F121,"") | AK121: =IF($C121=AK$1,$K121,"") | AL121: =IF($C121=AK$1,$F121,"") | AM121: =IF($C121=AM$1,$K121,"") | AN121: =IF($C121=AM$1,$F121,"") | AO121: =IF($C121=AO$1,$K121,"") | AP121: =IF($C121=AO$1,$F121,"") | AQ121: =IF($F121="",0,IF($D121=AQ$1,$F121,0)) -> 32.68 | AR121: =IF($D121=AQ$1,N($K121)-N($L121)-N($O121),0) -> 819 | AS121: =IF($F121="",0,IF($D121=AS$1,$F121,0)) -> 0 | AT121: =IF($D121=AS$1,N($K121)-N($L121)-N($O121),0) -> 0 | AU121: =IF(N($J121)>0,N($F121),0) -> 0 | AV121: =IF(N($J121)>0,$F121*$J121,0) -> 0
A122: 46232 | B122: Rock | C122: AVK | D122: Pass | E122: =E121+1 -> 120 | F122: 21.33 | G122: 650 | H122: 900 | I122: 250 | K122: =IF($F122="","",$F122*$H122) -> 19197 | L122: =IFERROR(ROUND($F122*$G122,-1),"") -> 13860 | M122: KI 16 X 5898 | N122: =IF($F122="","",IF(N($I122)>0,$F122,0)) -> 21.33 | O122: =IF($F122="","",N($N122)*N($I122)) -> 5332.5 | P122: =IF(OR($C122=P$1,$C122="Titan Rocks"),$K122,"") | Q122: =IF($C122=Q$1,$K122,"") | R122: =IF($C122=Q$1,$F122,"") | S122: =IF($C122=S$1,$K122,"") -> 19197 | T122: =IF($C122=S$1,$F122,"") -> 21.33 | U122: =IF($C122=U$1,$K122,"") | V122: =IF($C122=U$1,$F122,"") | W122: =IF($C122=W$1,$K122,"") | X122: =IF($C122=W$1,$F122,"") | Y122: =IF($C122=Y$1,$K122,"") | Z122: =IF($C122=Y$1,$F122,"") | AA122: =IF($C122=AA$1,$K122,"") | AB122: =IF($C122=AA$1,$F122,"") | AC122: =IF($C122=AC$1,$K122,"") | AD122: =IF($C122=AC$1,$F122,"") | AE122: =IF($C122=AE$1,$K122,"") | AF122: =IF($C122=AE$1,$F122,"") | AG122: =IF($C122=AG$1,$K122,"") | AH122: =IF($C122=AG$1,$F122,"") | AI122: =IF($C122=AI$1,$K122,"") | AJ122: =IF($C122=AI$1,$F122,"") | AK122: =IF($C122=AK$1,$K122,"") | AL122: =IF($C122=AK$1,$F122,"") | AM122: =IF($C122=AM$1,$K122,"") | AN122: =IF($C122=AM$1,$F122,"") | AO122: =IF($C122=AO$1,$K122,"") | AP122: =IF($C122=AO$1,$F122,"") | AQ122: =IF($F122="",0,IF($D122=AQ$1,$F122,0)) -> 21.33 | AR122: =IF($D122=AQ$1,N($K122)-N($L122)-N($O122),0) -> 4.5 | AS122: =IF($F122="",0,IF($D122=AS$1,$F122,0)) -> 0 | AT122: =IF($D122=AS$1,N($K122)-N($L122)-N($O122),0) -> 0 | AU122: =IF(N($J122)>0,N($F122),0) -> 0 | AV122: =IF(N($J122)>0,$F122*$J122,0) -> 0
A123: 46232 | B123: Rock | C123: Desinganad crusher | D123: Pass | E123: =E122+1 -> 121 | F123: 30.71 | G123: 650 | H123: 875 | I123: 210 | K123: =IF($F123="","",$F123*$H123) -> 26871.25 | L123: =IFERROR(ROUND($F123*$G123,-1),"") -> 19960 | M123: KL 07 CP 9255 | N123: =IF($F123="","",IF(N($I123)>0,$F123,0)) -> 30.71 | O123: =IF($F123="","",N($N123)*N($I123)) -> 6449.1 | P123: =IF(OR($C123=P$1,$C123="Titan Rocks"),$K123,"") | Q123: =IF($C123=Q$1,$K123,"") | R123: =IF($C123=Q$1,$F123,"") | S123: =IF($C123=S$1,$K123,"") | T123: =IF($C123=S$1,$F123,"") | U123: =IF($C123=U$1,$K123,"") | V123: =IF($C123=U$1,$F123,"") | W123: =IF($C123=W$1,$K123,"") | X123: =IF($C123=W$1,$F123,"") | Y123: =IF($C123=Y$1,$K123,"") -> 26871.25 | Z123: =IF($C123=Y$1,$F123,"") -> 30.71 | AA123: =IF($C123=AA$1,$K123,"") | AB123: =IF($C123=AA$1,$F123,"") | AC123: =IF($C123=AC$1,$K123,"") | AD123: =IF($C123=AC$1,$F123,"") | AE123: =IF($C123=AE$1,$K123,"") | AF123: =IF($C123=AE$1,$F123,"") | AG123: =IF($C123=AG$1,$K123,"") | AH123: =IF($C123=AG$1,$F123,"") | AI123: =IF($C123=AI$1,$K123,"") | AJ123: =IF($C123=AI$1,$F123,"") | AK123: =IF($C123=AK$1,$K123,"") | AL123: =IF($C123=AK$1,$F123,"") | AM123: =IF($C123=AM$1,$K123,"") | AN123: =IF($C123=AM$1,$F123,"") | AO123: =IF($C123=AO$1,$K123,"") | AP123: =IF($C123=AO$1,$F123,"") | AQ123: =IF($F123="",0,IF($D123=AQ$1,$F123,0)) -> 30.71 | AR123: =IF($D123=AQ$1,N($K123)-N($L123)-N($O123),0) -> 462.15 | AS123: =IF($F123="",0,IF($D123=AS$1,$F123,0)) -> 0 | AT123: =IF($D123=AS$1,N($K123)-N($L123)-N($O123),0) -> 0 | AU123: =IF(N($J123)>0,N($F123),0) -> 0 | AV123: =IF(N($J123)>0,$F123*$J123,0) -> 0
A124: 46232 | B124: Rock | C124: Desinganad MR own crusher | D124: Pass | E124: =E123+1 -> 122 | F124: 19.67 | G124: 650 | H124: 675 | K124: =IF($F124="","",$F124*$H124) -> 13277.25 | L124: =IFERROR(ROUND($F124*$G124,-1),"") -> 12790 | M124: KI 24 Q 6748 | N124: =IF($F124="","",IF(N($I124)>0,$F124,0)) -> 0 | O124: =IF($F124="","",N($N124)*N($I124)) -> 0 | P124: =IF(OR($C124=P$1,$C124="Titan Rocks"),$K124,"") | Q124: =IF($C124=Q$1,$K124,"") | R124: =IF($C124=Q$1,$F124,"") | S124: =IF($C124=S$1,$K124,"") | T124: =IF($C124=S$1,$F124,"") | U124: =IF($C124=U$1,$K124,"") | V124: =IF($C124=U$1,$F124,"") | W124: =IF($C124=W$1,$K124,"") | X124: =IF($C124=W$1,$F124,"") | Y124: =IF($C124=Y$1,$K124,"") | Z124: =IF($C124=Y$1,$F124,"") | AA124: =IF($C124=AA$1,$K124,"") -> 13277.25 | AB124: =IF($C124=AA$1,$F124,"") -> 19.67 | AC124: =IF($C124=AC$1,$K124,"") | AD124: =IF($C124=AC$1,$F124,"") | AE124: =IF($C124=AE$1,$K124,"") | AF124: =IF($C124=AE$1,$F124,"") | AG124: =IF($C124=AG$1,$K124,"") | AH124: =IF($C124=AG$1,$F124,"") | AI124: =IF($C124=AI$1,$K124,"") | AJ124: =IF($C124=AI$1,$F124,"") | AK124: =IF($C124=AK$1,$K124,"") | AL124: =IF($C124=AK$1,$F124,"") | AM124: =IF($C124=AM$1,$K124,"") | AN124: =IF($C124=AM$1,$F124,"") | AO124: =IF($C124=AO$1,$K124,"") | AP124: =IF($C124=AO$1,$F124,"") | AQ124: =IF($F124="",0,IF($D124=AQ$1,$F124,0)) -> 19.67 | AR124: =IF($D124=AQ$1,N($K124)-N($L124)-N($O124),0) -> 487.25 | AS124: =IF($F124="",0,IF($D124=AS$1,$F124,0)) -> 0 | AT124: =IF($D124=AS$1,N($K124)-N($L124)-N($O124),0) -> 0 | AU124: =IF(N($J124)>0,N($F124),0) -> 0 | AV124: =IF(N($J124)>0,$F124*$J124,0) -> 0
A125: 46232 | B125: Rock | C125: Desinganad crusher | D125: Pass | E125: =E124+1 -> 123 | F125: 30.65 | G125: 650 | H125: 875 | I125: 210 | K125: =IF($F125="","",$F125*$H125) -> 26818.75 | L125: =IFERROR(ROUND($F125*$G125,-1),"") -> 19920 | M125: KL 24 H 6714 | N125: =IF($F125="","",IF(N($I125)>0,$F125,0)) -> 30.65 | O125: =IF($F125="","",N($N125)*N($I125)) -> 6436.5 | P125: =IF(OR($C125=P$1,$C125="Titan Rocks"),$K125,"") | Q125: =IF($C125=Q$1,$K125,"") | R125: =IF($C125=Q$1,$F125,"") | S125: =IF($C125=S$1,$K125,"") | T125: =IF($C125=S$1,$F125,"") | U125: =IF($C125=U$1,$K125,"") | V125: =IF($C125=U$1,$F125,"") | W125: =IF($C125=W$1,$K125,"") | X125: =IF($C125=W$1,$F125,"") | Y125: =IF($C125=Y$1,$K125,"") -> 26818.75 | Z125: =IF($C125=Y$1,$F125,"") -> 30.65 | AA125: =IF($C125=AA$1,$K125,"") | AB125: =IF($C125=AA$1,$F125,"") | AC125: =IF($C125=AC$1,$K125,"") | AD125: =IF($C125=AC$1,$F125,"") | AE125: =IF($C125=AE$1,$K125,"") | AF125: =IF($C125=AE$1,$F125,"") | AG125: =IF($C125=AG$1,$K125,"") | AH125: =IF($C125=AG$1,$F125,"") | AI125: =IF($C125=AI$1,$K125,"") | AJ125: =IF($C125=AI$1,$F125,"") | AK125: =IF($C125=AK$1,$K125,"") | AL125: =IF($C125=AK$1,$F125,"") | AM125: =IF($C125=AM$1,$K125,"") | AN125: =IF($C125=AM$1,$F125,"") | AO125: =IF($C125=AO$1,$K125,"") | AP125: =IF($C125=AO$1,$F125,"") | AQ125: =IF($F125="",0,IF($D125=AQ$1,$F125,0)) -> 30.65 | AR125: =IF($D125=AQ$1,N($K125)-N($L125)-N($O125),0) -> 462.25 | AS125: =IF($F125="",0,IF($D125=AS$1,$F125,0)) -> 0 | AT125: =IF($D125=AS$1,N($K125)-N($L125)-N($O125),0) -> 0 | AU125: =IF(N($J125)>0,N($F125),0) -> 0 | AV125: =IF(N($J125)>0,$F125*$J125,0) -> 0
A126: 46232 | B126: Rock | C126: MR Granites | D126: Pass | E126: =E125+1 -> 124 | F126: 20.11 | G126: 650 | H126: 675 | K126: =IF($F126="","",$F126*$H126) -> 13574.25 | L126: =IFERROR(ROUND($F126*$G126,-1),"") -> 13070 | M126: KL 24 F 7719 | N126: =IF($F126="","",IF(N($I126)>0,$F126,0)) -> 0 | O126: =IF($F126="","",N($N126)*N($I126)) -> 0 | P126: =IF(OR($C126=P$1,$C126="Titan Rocks"),$K126,"") | Q126: =IF($C126=Q$1,$K126,"") -> 13574.25 | R126: =IF($C126=Q$1,$F126,"") -> 20.11 | S126: =IF($C126=S$1,$K126,"") | T126: =IF($C126=S$1,$F126,"") | U126: =IF($C126=U$1,$K126,"") | V126: =IF($C126=U$1,$F126,"") | W126: =IF($C126=W$1,$K126,"") | X126: =IF($C126=W$1,$F126,"") | Y126: =IF($C126=Y$1,$K126,"") | Z126: =IF($C126=Y$1,$F126,"") | AA126: =IF($C126=AA$1,$K126,"") | AB126: =IF($C126=AA$1,$F126,"") | AC126: =IF($C126=AC$1,$K126,"") | AD126: =IF($C126=AC$1,$F126,"") | AE126: =IF($C126=AE$1,$K126,"") | AF126: =IF($C126=AE$1,$F126,"") | AG126: =IF($C126=AG$1,$K126,"") | AH126: =IF($C126=AG$1,$F126,"") | AI126: =IF($C126=AI$1,$K126,"") | AJ126: =IF($C126=AI$1,$F126,"") | AK126: =IF($C126=AK$1,$K126,"") | AL126: =IF($C126=AK$1,$F126,"") | AM126: =IF($C126=AM$1,$K126,"") | AN126: =IF($C126=AM$1,$F126,"") | AO126: =IF($C126=AO$1,$K126,"") | AP126: =IF($C126=AO$1,$F126,"") | AQ126: =IF($F126="",0,IF($D126=AQ$1,$F126,0)) -> 20.11 | AR126: =IF($D126=AQ$1,N($K126)-N($L126)-N($O126),0) -> 504.25 | AS126: =IF($F126="",0,IF($D126=AS$1,$F126,0)) -> 0 | AT126: =IF($D126=AS$1,N($K126)-N($L126)-N($O126),0) -> 0 | AU126: =IF(N($J126)>0,N($F126),0) -> 0 | AV126: =IF(N($J126)>0,$F126*$J126,0) -> 0
A127: 46232 | B127: Rock | C127: MR Granites | D127: Pass | E127: =E126+1 -> 125 | F127: 21.09 | G127: 650 | H127: 675 | K127: =IF($F127="","",$F127*$H127) -> 14235.75 | L127: =IFERROR(ROUND($F127*$G127,-1),"") -> 13710 | M127: KL 02 AN 1378 | N127: =IF($F127="","",IF(N($I127)>0,$F127,0)) -> 0 | O127: =IF($F127="","",N($N127)*N($I127)) -> 0 | P127: =IF(OR($C127=P$1,$C127="Titan Rocks"),$K127,"") | Q127: =IF($C127=Q$1,$K127,"") -> 14235.75 | R127: =IF($C127=Q$1,$F127,"") -> 21.09 | S127: =IF($C127=S$1,$K127,"") | T127: =IF($C127=S$1,$F127,"") | U127: =IF($C127=U$1,$K127,"") | V127: =IF($C127=U$1,$F127,"") | W127: =IF($C127=W$1,$K127,"") | X127: =IF($C127=W$1,$F127,"") | Y127: =IF($C127=Y$1,$K127,"") | Z127: =IF($C127=Y$1,$F127,"") | AA127: =IF($C127=AA$1,$K127,"") | AB127: =IF($C127=AA$1,$F127,"") | AC127: =IF($C127=AC$1,$K127,"") | AD127: =IF($C127=AC$1,$F127,"") | AE127: =IF($C127=AE$1,$K127,"") | AF127: =IF($C127=AE$1,$F127,"") | AG127: =IF($C127=AG$1,$K127,"") | AH127: =IF($C127=AG$1,$F127,"") | AI127: =IF($C127=AI$1,$K127,"") | AJ127: =IF($C127=AI$1,$F127,"") | AK127: =IF($C127=AK$1,$K127,"") | AL127: =IF($C127=AK$1,$F127,"") | AM127: =IF($C127=AM$1,$K127,"") | AN127: =IF($C127=AM$1,$F127,"") | AO127: =IF($C127=AO$1,$K127,"") | AP127: =IF($C127=AO$1,$F127,"") | AQ127: =IF($F127="",0,IF($D127=AQ$1,$F127,0)) -> 21.09 | AR127: =IF($D127=AQ$1,N($K127)-N($L127)-N($O127),0) -> 525.75 | AS127: =IF($F127="",0,IF($D127=AS$1,$F127,0)) -> 0 | AT127: =IF($D127=AS$1,N($K127)-N($L127)-N($O127),0) -> 0 | AU127: =IF(N($J127)>0,N($F127),0) -> 0 | AV127: =IF(N($J127)>0,$F127*$J127,0) -> 0
A128: 46232 | B128: Rock | C128: MR Oyoor | D128: Pass | E128: =E127+1 -> 126 | F128: 38.29 | G128: 650 | H128: 675 | K128: =IF($F128="","",$F128*$H128) -> 25845.75 | L128: =IFERROR(ROUND($F128*$G128,-1),"") -> 24890 | M128: KL 45 S 9290 | N128: =IF($F128="","",IF(N($I128)>0,$F128,0)) -> 0 | O128: =IF($F128="","",N($N128)*N($I128)) -> 0 | P128: =IF(OR($C128=P$1,$C128="Titan Rocks"),$K128,"") | Q128: =IF($C128=Q$1,$K128,"") | R128: =IF($C128=Q$1,$F128,"") | S128: =IF($C128=S$1,$K128,"") | T128: =IF($C128=S$1,$F128,"") | U128: =IF($C128=U$1,$K128,"") | V128: =IF($C128=U$1,$F128,"") | W128: =IF($C128=W$1,$K128,"") | X128: =IF($C128=W$1,$F128,"") | Y128: =IF($C128=Y$1,$K128,"") | Z128: =IF($C128=Y$1,$F128,"") | AA128: =IF($C128=AA$1,$K128,"") | AB128: =IF($C128=AA$1,$F128,"") | AC128: =IF($C128=AC$1,$K128,"") | AD128: =IF($C128=AC$1,$F128,"") | AE128: =IF($C128=AE$1,$K128,"") | AF128: =IF($C128=AE$1,$F128,"") | AG128: =IF($C128=AG$1,$K128,"") | AH128: =IF($C128=AG$1,$F128,"") | AI128: =IF($C128=AI$1,$K128,"") | AJ128: =IF($C128=AI$1,$F128,"") | AK128: =IF($C128=AK$1,$K128,"") -> 25845.75 | AL128: =IF($C128=AK$1,$F128,"") -> 38.29 | AM128: =IF($C128=AM$1,$K128,"") | AN128: =IF($C128=AM$1,$F128,"") | AO128: =IF($C128=AO$1,$K128,"") | AP128: =IF($C128=AO$1,$F128,"") | AQ128: =IF($F128="",0,IF($D128=AQ$1,$F128,0)) -> 38.29 | AR128: =IF($D128=AQ$1,N($K128)-N($L128)-N($O128),0) -> 955.75 | AS128: =IF($F128="",0,IF($D128=AS$1,$F128,0)) -> 0 | AT128: =IF($D128=AS$1,N($K128)-N($L128)-N($O128),0) -> 0 | AU128: =IF(N($J128)>0,N($F128),0) -> 0 | AV128: =IF(N($J128)>0,$F128*$J128,0) -> 0
A129: 46232 | B129: Rock | C129: MR Oyoor | D129: Pass | E129: =E128+1 -> 127 | F129: 32.78 | G129: 650 | H129: 675 | K129: =IF($F129="","",$F129*$H129) -> 22126.5 | L129: =IFERROR(ROUND($F129*$G129,-1),"") -> 21310 | M129: KL 11 AV 3136 | N129: =IF($F129="","",IF(N($I129)>0,$F129,0)) -> 0 | O129: =IF($F129="","",N($N129)*N($I129)) -> 0 | P129: =IF(OR($C129=P$1,$C129="Titan Rocks"),$K129,"") | Q129: =IF($C129=Q$1,$K129,"") | R129: =IF($C129=Q$1,$F129,"") | S129: =IF($C129=S$1,$K129,"") | T129: =IF($C129=S$1,$F129,"") | U129: =IF($C129=U$1,$K129,"") | V129: =IF($C129=U$1,$F129,"") | W129: =IF($C129=W$1,$K129,"") | X129: =IF($C129=W$1,$F129,"") | Y129: =IF($C129=Y$1,$K129,"") | Z129: =IF($C129=Y$1,$F129,"") | AA129: =IF($C129=AA$1,$K129,"") | AB129: =IF($C129=AA$1,$F129,"") | AC129: =IF($C129=AC$1,$K129,"") | AD129: =IF($C129=AC$1,$F129,"") | AE129: =IF($C129=AE$1,$K129,"") | AF129: =IF($C129=AE$1,$F129,"") | AG129: =IF($C129=AG$1,$K129,"") | AH129: =IF($C129=AG$1,$F129,"") | AI129: =IF($C129=AI$1,$K129,"") | AJ129: =IF($C129=AI$1,$F129,"") | AK129: =IF($C129=AK$1,$K129,"") -> 22126.5 | AL129: =IF($C129=AK$1,$F129,"") -> 32.78 | AM129: =IF($C129=AM$1,$K129,"") | AN129: =IF($C129=AM$1,$F129,"") | AO129: =IF($C129=AO$1,$K129,"") | AP129: =IF($C129=AO$1,$F129,"") | AQ129: =IF($F129="",0,IF($D129=AQ$1,$F129,0)) -> 32.78 | AR129: =IF($D129=AQ$1,N($K129)-N($L129)-N($O129),0) -> 816.5 | AS129: =IF($F129="",0,IF($D129=AS$1,$F129,0)) -> 0 | AT129: =IF($D129=AS$1,N($K129)-N($L129)-N($O129),0) -> 0 | AU129: =IF(N($J129)>0,N($F129),0) -> 0 | AV129: =IF(N($J129)>0,$F129*$J129,0) -> 0
A130: 46232 | B130: Rock | C130: AVK | D130: Pass | E130: =E129+1 -> 128 | F130: 34.01 | G130: 650 | H130: 900 | I130: 220 | K130: =IF($F130="","",$F130*$H130) -> 30609 | L130: =IFERROR(ROUND($F130*$G130,-1),"") -> 22110 | M130: KL 25 K 3127 | N130: =IF($F130="","",IF(N($I130)>0,$F130,0)) -> 34.01 | O130: =IF($F130="","",N($N130)*N($I130)) -> 7482.2 | P130: =IF(OR($C130=P$1,$C130="Titan Rocks"),$K130,"") | Q130: =IF($C130=Q$1,$K130,"") | R130: =IF($C130=Q$1,$F130,"") | S130: =IF($C130=S$1,$K130,"") -> 30609 | T130: =IF($C130=S$1,$F130,"") -> 34.01 | U130: =IF($C130=U$1,$K130,"") | V130: =IF($C130=U$1,$F130,"") | W130: =IF($C130=W$1,$K130,"") | X130: =IF($C130=W$1,$F130,"") | Y130: =IF($C130=Y$1,$K130,"") | Z130: =IF($C130=Y$1,$F130,"") | AA130: =IF($C130=AA$1,$K130,"") | AB130: =IF($C130=AA$1,$F130,"") | AC130: =IF($C130=AC$1,$K130,"") | AD130: =IF($C130=AC$1,$F130,"") | AE130: =IF($C130=AE$1,$K130,"") | AF130: =IF($C130=AE$1,$F130,"") | AG130: =IF($C130=AG$1,$K130,"") | AH130: =IF($C130=AG$1,$F130,"") | AI130: =IF($C130=AI$1,$K130,"") | AJ130: =IF($C130=AI$1,$F130,"") | AK130: =IF($C130=AK$1,$K130,"") | AL130: =IF($C130=AK$1,$F130,"") | AM130: =IF($C130=AM$1,$K130,"") | AN130: =IF($C130=AM$1,$F130,"") | AO130: =IF($C130=AO$1,$K130,"") | AP130: =IF($C130=AO$1,$F130,"") | AQ130: =IF($F130="",0,IF($D130=AQ$1,$F130,0)) -> 34.01 | AR130: =IF($D130=AQ$1,N($K130)-N($L130)-N($O130),0) -> 1016.8 | AS130: =IF($F130="",0,IF($D130=AS$1,$F130,0)) -> 0 | AT130: =IF($D130=AS$1,N($K130)-N($L130)-N($O130),0) -> 0 | AU130: =IF(N($J130)>0,N($F130),0) -> 0 | AV130: =IF(N($J130)>0,$F130*$J130,0) -> 0
A131: 46232 | B131: Rock | C131: Al Falah metal crusher | D131: Pass | E131: =E130+1 -> 129 | F131: 33.53 | G131: 640 | H131: 870 | I131: 215 | J131: 20 | K131: =IF($F131="","",$F131*$H131) -> 29171.1 | L131: =IFERROR(ROUND($F131*$G131,-1),"") -> 21460 | M131: KL 05 AS 7477 | N131: =IF($F131="","",IF(N($I131)>0,$F131,0)) -> 33.53 | O131: =IF($F131="","",N($N131)*N($I131)) -> 7208.95 | P131: =IF(OR($C131=P$1,$C131="Titan Rocks"),$K131,"") | Q131: =IF($C131=Q$1,$K131,"") | R131: =IF($C131=Q$1,$F131,"") | S131: =IF($C131=S$1,$K131,"") | T131: =IF($C131=S$1,$F131,"") | U131: =IF($C131=U$1,$K131,"") | V131: =IF($C131=U$1,$F131,"") | W131: =IF($C131=W$1,$K131,"") -> 29171.1 | X131: =IF($C131=W$1,$F131,"") -> 33.53 | Y131: =IF($C131=Y$1,$K131,"") | Z131: =IF($C131=Y$1,$F131,"") | AA131: =IF($C131=AA$1,$K131,"") | AB131: =IF($C131=AA$1,$F131,"") | AC131: =IF($C131=AC$1,$K131,"") | AD131: =IF($C131=AC$1,$F131,"") | AE131: =IF($C131=AE$1,$K131,"") | AF131: =IF($C131=AE$1,$F131,"") | AG131: =IF($C131=AG$1,$K131,"") | AH131: =IF($C131=AG$1,$F131,"") | AI131: =IF($C131=AI$1,$K131,"") | AJ131: =IF($C131=AI$1,$F131,"") | AK131: =IF($C131=AK$1,$K131,"") | AL131: =IF($C131=AK$1,$F131,"") | AM131: =IF($C131=AM$1,$K131,"") | AN131: =IF($C131=AM$1,$F131,"") | AO131: =IF($C131=AO$1,$K131,"") | AP131: =IF($C131=AO$1,$F131,"") | AQ131: =IF($F131="",0,IF($D131=AQ$1,$F131,0)) -> 33.53 | AR131: =IF($D131=AQ$1,N($K131)-N($L131)-N($O131),0) -> 502.15 | AS131: =IF($F131="",0,IF($D131=AS$1,$F131,0)) -> 0 | AT131: =IF($D131=AS$1,N($K131)-N($L131)-N($O131),0) -> 0 | AU131: =IF(N($J131)>0,N($F131),0) -> 33.53 | AV131: =IF(N($J131)>0,$F131*$J131,0) -> 670.6
A132: 46232 | B132: Rock | C132: Al Falah metal crusher | D132: WO Pass | E132: =E131+1 -> 130 | F132: 31.9 | G132: 610 | H132: 870 | I132: 215 | J132: 20 | K132: =IF($F132="","",$F132*$H132) -> 27753 | L132: =IFERROR(ROUND($F132*$G132,-1),"") -> 19460 | M132: KL 16 Y 6260 | N132: =IF($F132="","",IF(N($I132)>0,$F132,0)) -> 31.9 | O132: =IF($F132="","",N($N132)*N($I132)) -> 6858.5 | P132: =IF(OR($C132=P$1,$C132="Titan Rocks"),$K132,"") | Q132: =IF($C132=Q$1,$K132,"") | R132: =IF($C132=Q$1,$F132,"") | S132: =IF($C132=S$1,$K132,"") | T132: =IF($C132=S$1,$F132,"") | U132: =IF($C132=U$1,$K132,"") | V132: =IF($C132=U$1,$F132,"") | W132: =IF($C132=W$1,$K132,"") -> 27753 | X132: =IF($C132=W$1,$F132,"") -> 31.9 | Y132: =IF($C132=Y$1,$K132,"") | Z132: =IF($C132=Y$1,$F132,"") | AA132: =IF($C132=AA$1,$K132,"") | AB132: =IF($C132=AA$1,$F132,"") | AC132: =IF($C132=AC$1,$K132,"") | AD132: =IF($C132=AC$1,$F132,"") | AE132: =IF($C132=AE$1,$K132,"") | AF132: =IF($C132=AE$1,$F132,"") | AG132: =IF($C132=AG$1,$K132,"") | AH132: =IF($C132=AG$1,$F132,"") | AI132: =IF($C132=AI$1,$K132,"") | AJ132: =IF($C132=AI$1,$F132,"") | AK132: =IF($C132=AK$1,$K132,"") | AL132: =IF($C132=AK$1,$F132,"") | AM132: =IF($C132=AM$1,$K132,"") | AN132: =IF($C132=AM$1,$F132,"") | AO132: =IF($C132=AO$1,$K132,"") | AP132: =IF($C132=AO$1,$F132,"") | AQ132: =IF($F132="",0,IF($D132=AQ$1,$F132,0)) -> 0 | AR132: =IF($D132=AQ$1,N($K132)-N($L132)-N($O132),0) -> 0 | AS132: =IF($F132="",0,IF($D132=AS$1,$F132,0)) -> 31.9 | AT132: =IF($D132=AS$1,N($K132)-N($L132)-N($O132),0) -> 1434.5 | AU132: =IF(N($J132)>0,N($F132),0) -> 31.9 | AV132: =IF(N($J132)>0,$F132*$J132,0) -> 638
A133: 46232 | B133: Rock | C133: Al Falah metal crusher | D133: WO Pass | E133: =E132+1 -> 131 | F133: 31.04 | G133: 610 | H133: 870 | I133: 215 | J133: 20 | K133: =IF($F133="","",$F133*$H133) -> 27004.8 | L133: =IFERROR(ROUND($F133*$G133,-1),"") -> 18930 | M133: KL 24 H 7798 | N133: =IF($F133="","",IF(N($I133)>0,$F133,0)) -> 31.04 | O133: =IF($F133="","",N($N133)*N($I133)) -> 6673.6 | P133: =IF(OR($C133=P$1,$C133="Titan Rocks"),$K133,"") | Q133: =IF($C133=Q$1,$K133,"") | R133: =IF($C133=Q$1,$F133,"") | S133: =IF($C133=S$1,$K133,"") | T133: =IF($C133=S$1,$F133,"") | U133: =IF($C133=U$1,$K133,"") | V133: =IF($C133=U$1,$F133,"") | W133: =IF($C133=W$1,$K133,"") -> 27004.8 | X133: =IF($C133=W$1,$F133,"") -> 31.04 | Y133: =IF($C133=Y$1,$K133,"") | Z133: =IF($C133=Y$1,$F133,"") | AA133: =IF($C133=AA$1,$K133,"") | AB133: =IF($C133=AA$1,$F133,"") | AC133: =IF($C133=AC$1,$K133,"") | AD133: =IF($C133=AC$1,$F133,"") | AE133: =IF($C133=AE$1,$K133,"") | AF133: =IF($C133=AE$1,$F133,"") | AG133: =IF($C133=AG$1,$K133,"") | AH133: =IF($C133=AG$1,$F133,"") | AI133: =IF($C133=AI$1,$K133,"") | AJ133: =IF($C133=AI$1,$F133,"") | AK133: =IF($C133=AK$1,$K133,"") | AL133: =IF($C133=AK$1,$F133,"") | AM133: =IF($C133=AM$1,$K133,"") | AN133: =IF($C133=AM$1,$F133,"") | AO133: =IF($C133=AO$1,$K133,"") | AP133: =IF($C133=AO$1,$F133,"") | AQ133: =IF($F133="",0,IF($D133=AQ$1,$F133,0)) -> 0 | AR133: =IF($D133=AQ$1,N($K133)-N($L133)-N($O133),0) -> 0 | AS133: =IF($F133="",0,IF($D133=AS$1,$F133,0)) -> 31.04 | AT133: =IF($D133=AS$1,N($K133)-N($L133)-N($O133),0) -> 1401.2 | AU133: =IF(N($J133)>0,N($F133),0) -> 31.04 | AV133: =IF(N($J133)>0,$F133*$J133,0) -> 620.8
A134: 46232 | B134: Rock | C134: Al Falah metal crusher | D134: WO Pass | E134: =E133+1 -> 132 | F134: 32.74 | G134: 610 | H134: 870 | I134: 215 | J134: 20 | K134: =IF($F134="","",$F134*$H134) -> 28483.8 | L134: =IFERROR(ROUND($F134*$G134,-1),"") -> 19970 | M134: KI 40 Q 3885 | N134: =IF($F134="","",IF(N($I134)>0,$F134,0)) -> 32.74 | O134: =IF($F134="","",N($N134)*N($I134)) -> 7039.1 | P134: =IF(OR($C134=P$1,$C134="Titan Rocks"),$K134,"") | Q134: =IF($C134=Q$1,$K134,"") | R134: =IF($C134=Q$1,$F134,"") | S134: =IF($C134=S$1,$K134,"") | T134: =IF($C134=S$1,$F134,"") | U134: =IF($C134=U$1,$K134,"") | V134: =IF($C134=U$1,$F134,"") | W134: =IF($C134=W$1,$K134,"") -> 28483.8 | X134: =IF($C134=W$1,$F134,"") -> 32.74 | Y134: =IF($C134=Y$1,$K134,"") | Z134: =IF($C134=Y$1,$F134,"") | AA134: =IF($C134=AA$1,$K134,"") | AB134: =IF($C134=AA$1,$F134,"") | AC134: =IF($C134=AC$1,$K134,"") | AD134: =IF($C134=AC$1,$F134,"") | AE134: =IF($C134=AE$1,$K134,"") | AF134: =IF($C134=AE$1,$F134,"") | AG134: =IF($C134=AG$1,$K134,"") | AH134: =IF($C134=AG$1,$F134,"") | AI134: =IF($C134=AI$1,$K134,"") | AJ134: =IF($C134=AI$1,$F134,"") | AK134: =IF($C134=AK$1,$K134,"") | AL134: =IF($C134=AK$1,$F134,"") | AM134: =IF($C134=AM$1,$K134,"") | AN134: =IF($C134=AM$1,$F134,"") | AO134: =IF($C134=AO$1,$K134,"") | AP134: =IF($C134=AO$1,$F134,"") | AQ134: =IF($F134="",0,IF($D134=AQ$1,$F134,0)) -> 0 | AR134: =IF($D134=AQ$1,N($K134)-N($L134)-N($O134),0) -> 0 | AS134: =IF($F134="",0,IF($D134=AS$1,$F134,0)) -> 32.74 | AT134: =IF($D134=AS$1,N($K134)-N($L134)-N($O134),0) -> 1474.7 | AU134: =IF(N($J134)>0,N($F134),0) -> 32.74 | AV134: =IF(N($J134)>0,$F134*$J134,0) -> 654.8
A135: 46232 | B135: Rock | C135: Desinganad crusher | D135: WO Pass | E135: =E134+1 -> 133 | F135: 31.7 | G135: 610 | H135: 875 | I135: 210 | J135: 20 | K135: =IF($F135="","",$F135*$H135) -> 27737.5 | L135: =IFERROR(ROUND($F135*$G135,-1),"") -> 19340 | M135: KL 61 D 5401 | N135: =IF($F135="","",IF(N($I135)>0,$F135,0)) -> 31.7 | O135: =IF($F135="","",N($N135)*N($I135)) -> 6657 | P135: =IF(OR($C135=P$1,$C135="Titan Rocks"),$K135,"") | Q135: =IF($C135=Q$1,$K135,"") | R135: =IF($C135=Q$1,$F135,"") | S135: =IF($C135=S$1,$K135,"") | T135: =IF($C135=S$1,$F135,"") | U135: =IF($C135=U$1,$K135,"") | V135: =IF($C135=U$1,$F135,"") | W135: =IF($C135=W$1,$K135,"") | X135: =IF($C135=W$1,$F135,"") | Y135: =IF($C135=Y$1,$K135,"") -> 27737.5 | Z135: =IF($C135=Y$1,$F135,"") -> 31.7 | AA135: =IF($C135=AA$1,$K135,"") | AB135: =IF($C135=AA$1,$F135,"") | AC135: =IF($C135=AC$1,$K135,"") | AD135: =IF($C135=AC$1,$F135,"") | AE135: =IF($C135=AE$1,$K135,"") | AF135: =IF($C135=AE$1,$F135,"") | AG135: =IF($C135=AG$1,$K135,"") | AH135: =IF($C135=AG$1,$F135,"") | AI135: =IF($C135=AI$1,$K135,"") | AJ135: =IF($C135=AI$1,$F135,"") | AK135: =IF($C135=AK$1,$K135,"") | AL135: =IF($C135=AK$1,$F135,"") | AM135: =IF($C135=AM$1,$K135,"") | AN135: =IF($C135=AM$1,$F135,"") | AO135: =IF($C135=AO$1,$K135,"") | AP135: =IF($C135=AO$1,$F135,"") | AQ135: =IF($F135="",0,IF($D135=AQ$1,$F135,0)) -> 0 | AR135: =IF($D135=AQ$1,N($K135)-N($L135)-N($O135),0) -> 0 | AS135: =IF($F135="",0,IF($D135=AS$1,$F135,0)) -> 31.7 | AT135: =IF($D135=AS$1,N($K135)-N($L135)-N($O135),0) -> 1740.5 | AU135: =IF(N($J135)>0,N($F135),0) -> 31.7 | AV135: =IF(N($J135)>0,$F135*$J135,0) -> 634
A136: 46232 | B136: Rock | C136: Desinganad MR own crusher | D136: WO Pass | E136: =E135+1 -> 134 | F136: 32.95 | G136: 610 | H136: 675 | J136: 20 | K136: =IF($F136="","",$F136*$H136) -> 22241.25 | L136: =IFERROR(ROUND($F136*$G136,-1),"") -> 20100 | M136: KI 02 AV 8003 | N136: =IF($F136="","",IF(N($I136)>0,$F136,0)) -> 0 | O136: =IF($F136="","",N($N136)*N($I136)) -> 0 | P136: =IF(OR($C136=P$1,$C136="Titan Rocks"),$K136,"") | Q136: =IF($C136=Q$1,$K136,"") | R136: =IF($C136=Q$1,$F136,"") | S136: =IF($C136=S$1,$K136,"") | T136: =IF($C136=S$1,$F136,"") | U136: =IF($C136=U$1,$K136,"") | V136: =IF($C136=U$1,$F136,"") | W136: =IF($C136=W$1,$K136,"") | X136: =IF($C136=W$1,$F136,"") | Y136: =IF($C136=Y$1,$K136,"") | Z136: =IF($C136=Y$1,$F136,"") | AA136: =IF($C136=AA$1,$K136,"") -> 22241.25 | AB136: =IF($C136=AA$1,$F136,"") -> 32.95 | AC136: =IF($C136=AC$1,$K136,"") | AD136: =IF($C136=AC$1,$F136,"") | AE136: =IF($C136=AE$1,$K136,"") | AF136: =IF($C136=AE$1,$F136,"") | AG136: =IF($C136=AG$1,$K136,"") | AH136: =IF($C136=AG$1,$F136,"") | AI136: =IF($C136=AI$1,$K136,"") | AJ136: =IF($C136=AI$1,$F136,"") | AK136: =IF($C136=AK$1,$K136,"") | AL136: =IF($C136=AK$1,$F136,"") | AM136: =IF($C136=AM$1,$K136,"") | AN136: =IF($C136=AM$1,$F136,"") | AO136: =IF($C136=AO$1,$K136,"") | AP136: =IF($C136=AO$1,$F136,"") | AQ136: =IF($F136="",0,IF($D136=AQ$1,$F136,0)) -> 0 | AR136: =IF($D136=AQ$1,N($K136)-N($L136)-N($O136),0) -> 0 | AS136: =IF($F136="",0,IF($D136=AS$1,$F136,0)) -> 32.95 | AT136: =IF($D136=AS$1,N($K136)-N($L136)-N($O136),0) -> 2141.25 | AU136: =IF(N($J136)>0,N($F136),0) -> 32.95 | AV136: =IF(N($J136)>0,$F136*$J136,0) -> 659
A137: 46232 | B137: Rock | C137: MR Granites | D137: Pass | E137: =E136+1 -> 135 | F137: 21.26 | G137: 650 | H137: 675 | K137: =IF($F137="","",$F137*$H137) -> 14350.5 | L137: =IFERROR(ROUND($F137*$G137,-1),"") -> 13820 | M137: KI 24 Q 6748 | N137: =IF($F137="","",IF(N($I137)>0,$F137,0)) -> 0 | O137: =IF($F137="","",N($N137)*N($I137)) -> 0 | P137: =IF(OR($C137=P$1,$C137="Titan Rocks"),$K137,"") | Q137: =IF($C137=Q$1,$K137,"") -> 14350.5 | R137: =IF($C137=Q$1,$F137,"") -> 21.26 | S137: =IF($C137=S$1,$K137,"") | T137: =IF($C137=S$1,$F137,"") | U137: =IF($C137=U$1,$K137,"") | V137: =IF($C137=U$1,$F137,"") | W137: =IF($C137=W$1,$K137,"") | X137: =IF($C137=W$1,$F137,"") | Y137: =IF($C137=Y$1,$K137,"") | Z137: =IF($C137=Y$1,$F137,"") | AA137: =IF($C137=AA$1,$K137,"") | AB137: =IF($C137=AA$1,$F137,"") | AC137: =IF($C137=AC$1,$K137,"") | AD137: =IF($C137=AC$1,$F137,"") | AE137: =IF($C137=AE$1,$K137,"") | AF137: =IF($C137=AE$1,$F137,"") | AG137: =IF($C137=AG$1,$K137,"") | AH137: =IF($C137=AG$1,$F137,"") | AI137: =IF($C137=AI$1,$K137,"") | AJ137: =IF($C137=AI$1,$F137,"") | AK137: =IF($C137=AK$1,$K137,"") | AL137: =IF($C137=AK$1,$F137,"") | AM137: =IF($C137=AM$1,$K137,"") | AN137: =IF($C137=AM$1,$F137,"") | AO137: =IF($C137=AO$1,$K137,"") | AP137: =IF($C137=AO$1,$F137,"") | AQ137: =IF($F137="",0,IF($D137=AQ$1,$F137,0)) -> 21.26 | AR137: =IF($D137=AQ$1,N($K137)-N($L137)-N($O137),0) -> 530.5 | AS137: =IF($F137="",0,IF($D137=AS$1,$F137,0)) -> 0 | AT137: =IF($D137=AS$1,N($K137)-N($L137)-N($O137),0) -> 0 | AU137: =IF(N($J137)>0,N($F137),0) -> 0 | AV137: =IF(N($J137)>0,$F137*$J137,0) -> 0
A138: 46232 | B138: Rock | C138: Desinganad crusher | D138: WO Pass | E138: =E137+1 -> 136 | F138: 33.88 | G138: 610 | H138: 875 | I138: 210 | J138: 20 | K138: =IF($F138="","",$F138*$H138) -> 29645 | L138: =IFERROR(ROUND($F138*$G138,-1),"") -> 20670 | M138: KL 58 V 5636 | N138: =IF($F138="","",IF(N($I138)>0,$F138,0)) -> 33.88 | O138: =IF($F138="","",N($N138)*N($I138)) -> 7114.8 | P138: =IF(OR($C138=P$1,$C138="Titan Rocks"),$K138,"") | Q138: =IF($C138=Q$1,$K138,"") | R138: =IF($C138=Q$1,$F138,"") | S138: =IF($C138=S$1,$K138,"") | T138: =IF($C138=S$1,$F138,"") | U138: =IF($C138=U$1,$K138,"") | V138: =IF($C138=U$1,$F138,"") | W138: =IF($C138=W$1,$K138,"") | X138: =IF($C138=W$1,$F138,"") | Y138: =IF($C138=Y$1,$K138,"") -> 29645 | Z138: =IF($C138=Y$1,$F138,"") -> 33.88 | AA138: =IF($C138=AA$1,$K138,"") | AB138: =IF($C138=AA$1,$F138,"") | AC138: =IF($C138=AC$1,$K138,"") | AD138: =IF($C138=AC$1,$F138,"") | AE138: =IF($C138=AE$1,$K138,"") | AF138: =IF($C138=AE$1,$F138,"") | AG138: =IF($C138=AG$1,$K138,"") | AH138: =IF($C138=AG$1,$F138,"") | AI138: =IF($C138=AI$1,$K138,"") | AJ138: =IF($C138=AI$1,$F138,"") | AK138: =IF($C138=AK$1,$K138,"") | AL138: =IF($C138=AK$1,$F138,"") | AM138: =IF($C138=AM$1,$K138,"") | AN138: =IF($C138=AM$1,$F138,"") | AO138: =IF($C138=AO$1,$K138,"") | AP138: =IF($C138=AO$1,$F138,"") | AQ138: =IF($F138="",0,IF($D138=AQ$1,$F138,0)) -> 0 | AR138: =IF($D138=AQ$1,N($K138)-N($L138)-N($O138),0) -> 0 | AS138: =IF($F138="",0,IF($D138=AS$1,$F138,0)) -> 33.88 | AT138: =IF($D138=AS$1,N($K138)-N($L138)-N($O138),0) -> 1860.2 | AU138: =IF(N($J138)>0,N($F138),0) -> 33.88 | AV138: =IF(N($J138)>0,$F138*$J138,0) -> 677.6
A139: 46232 | B139: Rock | C139: Desinganad crusher | D139: Pass | E139: =E138+1 -> 137 | F139: 34.56 | G139: 650 | H139: 875 | I139: 210 | K139: =IF($F139="","",$F139*$H139) -> 30240 | L139: =IFERROR(ROUND($F139*$G139,-1),"") -> 22460 | M139: KL 34 E 6356 | N139: =IF($F139="","",IF(N($I139)>0,$F139,0)) -> 34.56 | O139: =IF($F139="","",N($N139)*N($I139)) -> 7257.6 | P139: =IF(OR($C139=P$1,$C139="Titan Rocks"),$K139,"") | Q139: =IF($C139=Q$1,$K139,"") | R139: =IF($C139=Q$1,$F139,"") | S139: =IF($C139=S$1,$K139,"") | T139: =IF($C139=S$1,$F139,"") | U139: =IF($C139=U$1,$K139,"") | V139: =IF($C139=U$1,$F139,"") | W139: =IF($C139=W$1,$K139,"") | X139: =IF($C139=W$1,$F139,"") | Y139: =IF($C139=Y$1,$K139,"") -> 30240 | Z139: =IF($C139=Y$1,$F139,"") -> 34.56 | AA139: =IF($C139=AA$1,$K139,"") | AB139: =IF($C139=AA$1,$F139,"") | AC139: =IF($C139=AC$1,$K139,"") | AD139: =IF($C139=AC$1,$F139,"") | AE139: =IF($C139=AE$1,$K139,"") | AF139: =IF($C139=AE$1,$F139,"") | AG139: =IF($C139=AG$1,$K139,"") | AH139: =IF($C139=AG$1,$F139,"") | AI139: =IF($C139=AI$1,$K139,"") | AJ139: =IF($C139=AI$1,$F139,"") | AK139: =IF($C139=AK$1,$K139,"") | AL139: =IF($C139=AK$1,$F139,"") | AM139: =IF($C139=AM$1,$K139,"") | AN139: =IF($C139=AM$1,$F139,"") | AO139: =IF($C139=AO$1,$K139,"") | AP139: =IF($C139=AO$1,$F139,"") | AQ139: =IF($F139="",0,IF($D139=AQ$1,$F139,0)) -> 34.56 | AR139: =IF($D139=AQ$1,N($K139)-N($L139)-N($O139),0) -> 522.4 | AS139: =IF($F139="",0,IF($D139=AS$1,$F139,0)) -> 0 | AT139: =IF($D139=AS$1,N($K139)-N($L139)-N($O139),0) -> 0 | AU139: =IF(N($J139)>0,N($F139),0) -> 0 | AV139: =IF(N($J139)>0,$F139*$J139,0) -> 0
A140: 46232 | B140: Rock | C140: AVK | D140: Pass | E140: =E139+1 -> 138 | F140: 30.67 | G140: 650 | H140: 900 | I140: 220 | K140: =IF($F140="","",$F140*$H140) -> 27603 | L140: =IFERROR(ROUND($F140*$G140,-1),"") -> 19940 | M140: KL 07 CP 9255 | N140: =IF($F140="","",IF(N($I140)>0,$F140,0)) -> 30.67 | O140: =IF($F140="","",N($N140)*N($I140)) -> 6747.4 | P140: =IF(OR($C140=P$1,$C140="Titan Rocks"),$K140,"") | Q140: =IF($C140=Q$1,$K140,"") | R140: =IF($C140=Q$1,$F140,"") | S140: =IF($C140=S$1,$K140,"") -> 27603 | T140: =IF($C140=S$1,$F140,"") -> 30.67 | U140: =IF($C140=U$1,$K140,"") | V140: =IF($C140=U$1,$F140,"") | W140: =IF($C140=W$1,$K140,"") | X140: =IF($C140=W$1,$F140,"") | Y140: =IF($C140=Y$1,$K140,"") | Z140: =IF($C140=Y$1,$F140,"") | AA140: =IF($C140=AA$1,$K140,"") | AB140: =IF($C140=AA$1,$F140,"") | AC140: =IF($C140=AC$1,$K140,"") | AD140: =IF($C140=AC$1,$F140,"") | AE140: =IF($C140=AE$1,$K140,"") | AF140: =IF($C140=AE$1,$F140,"") | AG140: =IF($C140=AG$1,$K140,"") | AH140: =IF($C140=AG$1,$F140,"") | AI140: =IF($C140=AI$1,$K140,"") | AJ140: =IF($C140=AI$1,$F140,"") | AK140: =IF($C140=AK$1,$K140,"") | AL140: =IF($C140=AK$1,$F140,"") | AM140: =IF($C140=AM$1,$K140,"") | AN140: =IF($C140=AM$1,$F140,"") | AO140: =IF($C140=AO$1,$K140,"") | AP140: =IF($C140=AO$1,$F140,"") | AQ140: =IF($F140="",0,IF($D140=AQ$1,$F140,0)) -> 30.67 | AR140: =IF($D140=AQ$1,N($K140)-N($L140)-N($O140),0) -> 915.6 | AS140: =IF($F140="",0,IF($D140=AS$1,$F140,0)) -> 0 | AT140: =IF($D140=AS$1,N($K140)-N($L140)-N($O140),0) -> 0 | AU140: =IF(N($J140)>0,N($F140),0) -> 0 | AV140: =IF(N($J140)>0,$F140*$J140,0) -> 0
A141: 46232 | B141: Rock | C141: MR Granites | D141: Pass | E141: =E140+1 -> 139 | F141: 32 | G141: 650 | H141: 675 | K141: =IF($F141="","",$F141*$H141) -> 21600 | L141: =IFERROR(ROUND($F141*$G141,-1),"") -> 20800 | M141: KL 82 1325 | N141: =IF($F141="","",IF(N($I141)>0,$F141,0)) -> 0 | O141: =IF($F141="","",N($N141)*N($I141)) -> 0 | P141: =IF(OR($C141=P$1,$C141="Titan Rocks"),$K141,"") | Q141: =IF($C141=Q$1,$K141,"") -> 21600 | R141: =IF($C141=Q$1,$F141,"") -> 32 | S141: =IF($C141=S$1,$K141,"") | T141: =IF($C141=S$1,$F141,"") | U141: =IF($C141=U$1,$K141,"") | V141: =IF($C141=U$1,$F141,"") | W141: =IF($C141=W$1,$K141,"") | X141: =IF($C141=W$1,$F141,"") | Y141: =IF($C141=Y$1,$K141,"") | Z141: =IF($C141=Y$1,$F141,"") | AA141: =IF($C141=AA$1,$K141,"") | AB141: =IF($C141=AA$1,$F141,"") | AC141: =IF($C141=AC$1,$K141,"") | AD141: =IF($C141=AC$1,$F141,"") | AE141: =IF($C141=AE$1,$K141,"") | AF141: =IF($C141=AE$1,$F141,"") | AG141: =IF($C141=AG$1,$K141,"") | AH141: =IF($C141=AG$1,$F141,"") | AI141: =IF($C141=AI$1,$K141,"") | AJ141: =IF($C141=AI$1,$F141,"") | AK141: =IF($C141=AK$1,$K141,"") | AL141: =IF($C141=AK$1,$F141,"") | AM141: =IF($C141=AM$1,$K141,"") | AN141: =IF($C141=AM$1,$F141,"") | AO141: =IF($C141=AO$1,$K141,"") | AP141: =IF($C141=AO$1,$F141,"") | AQ141: =IF($F141="",0,IF($D141=AQ$1,$F141,0)) -> 32 | AR141: =IF($D141=AQ$1,N($K141)-N($L141)-N($O141),0) -> 800 | AS141: =IF($F141="",0,IF($D141=AS$1,$F141,0)) -> 0 | AT141: =IF($D141=AS$1,N($K141)-N($L141)-N($O141),0) -> 0 | AU141: =IF(N($J141)>0,N($F141),0) -> 0 | AV141: =IF(N($J141)>0,$F141*$J141,0) -> 0
A142: 46232 | B142: Rock | C142: AVK | D142: Pass | E142: =E141+1 -> 140 | F142: 30.35 | G142: 650 | H142: 900 | I142: 220 | K142: =IF($F142="","",$F142*$H142) -> 27315 | L142: =IFERROR(ROUND($F142*$G142,-1),"") -> 19730 | M142: KL 24 H 6714 | N142: =IF($F142="","",IF(N($I142)>0,$F142,0)) -> 30.35 | O142: =IF($F142="","",N($N142)*N($I142)) -> 6677 | P142: =IF(OR($C142=P$1,$C142="Titan Rocks"),$K142,"") | Q142: =IF($C142=Q$1,$K142,"") | R142: =IF($C142=Q$1,$F142,"") | S142: =IF($C142=S$1,$K142,"") -> 27315 | T142: =IF($C142=S$1,$F142,"") -> 30.35 | U142: =IF($C142=U$1,$K142,"") | V142: =IF($C142=U$1,$F142,"") | W142: =IF($C142=W$1,$K142,"") | X142: =IF($C142=W$1,$F142,"") | Y142: =IF($C142=Y$1,$K142,"") | Z142: =IF($C142=Y$1,$F142,"") | AA142: =IF($C142=AA$1,$K142,"") | AB142: =IF($C142=AA$1,$F142,"") | AC142: =IF($C142=AC$1,$K142,"") | AD142: =IF($C142=AC$1,$F142,"") | AE142: =IF($C142=AE$1,$K142,"") | AF142: =IF($C142=AE$1,$F142,"") | AG142: =IF($C142=AG$1,$K142,"") | AH142: =IF($C142=AG$1,$F142,"") | AI142: =IF($C142=AI$1,$K142,"") | AJ142: =IF($C142=AI$1,$F142,"") | AK142: =IF($C142=AK$1,$K142,"") | AL142: =IF($C142=AK$1,$F142,"") | AM142: =IF($C142=AM$1,$K142,"") | AN142: =IF($C142=AM$1,$F142,"") | AO142: =IF($C142=AO$1,$K142,"") | AP142: =IF($C142=AO$1,$F142,"") | AQ142: =IF($F142="",0,IF($D142=AQ$1,$F142,0)) -> 30.35 | AR142: =IF($D142=AQ$1,N($K142)-N($L142)-N($O142),0) -> 908 | AS142: =IF($F142="",0,IF($D142=AS$1,$F142,0)) -> 0 | AT142: =IF($D142=AS$1,N($K142)-N($L142)-N($O142),0) -> 0 | AU142: =IF(N($J142)>0,N($F142),0) -> 0 | AV142: =IF(N($J142)>0,$F142*$J142,0) -> 0
...

Sheet Monthly Commission SUMMARY
B2: MONTHLY COMMISSION / DISCOUNT SUMMARY
B4: Month | C4: Total QTY (ton) | D4: Discount QTY (ton) | E4: Monthly Discount (₹)
B5: 45962 | C5: =SUMIFS('Daily Ledger'!$F:$F,'Daily Ledger'!$A:$A,">="&$B5,'Daily Ledger'!$A:$A,"<"&EOMONTH($B5,0)+1) -> 1826.345 | D5: =SUMIFS('Daily Ledger'!$AU:$AU,'Daily Ledger'!$A:$A,">="&$B5,'Daily Ledger'!$A:$A,"<"&EOMONTH($B5,0)+1) -> 1799.425 | E5: =SUMIFS('Daily Ledger'!$AV:$AV,'Daily Ledger'!$A:$A,">="&$B5,'Daily Ledger'!$A:$A,"<"&EOMONTH($B5,0)+1) -> 35988.5
B6: 45992 | C6: =SUMIFS('Daily Ledger'!$F:$F,'Daily Ledger'!$A:$A,">="&$B6,'Daily Ledger'!$A:$A,"<"&EOMONTH($B6,0)+1) -> 0 | D6: =SUMIFS('Daily Ledger'!$AU:$AU,'Daily Ledger'!$A:$A,">="&$B6,'Daily Ledger'!$A:$A,"<"&EOMONTH($B6,0)+1) -> 0 | E6: =SUMIFS('Daily Ledger'!$AV:$AV,'Daily Ledger'!$A:$A,">="&$B6,'Daily Ledger'!$A:$A,"<"&EOMONTH($B6,0)+1) -> 0
B7: 46023 | C7: =SUMIFS('Daily Ledger'!$F:$F,'Daily Ledger'!$A:$A,">="&$B7,'Daily Ledger'!$A:$A,"<"&EOMONTH($B7,0)+1) -> 0 | D7: =SUMIFS('Daily Ledger'!$AU:$AU,'Daily Ledger'!$A:$A,">="&$B7,'Daily Ledger'!$A:$A,"<"&EOMONTH($B7,0)+1) -> 0 | E7: =SUMIFS('Daily Ledger'!$AV:$AV,'Daily Ledger'!$A:$A,">="&$B7,'Daily Ledger'!$A:$A,"<"&EOMONTH($B7,0)+1) -> 0
B8: 46054 | C8: =SUMIFS('Daily Ledger'!$F:$F,'Daily Ledger'!$A:$A,">="&$B8,'Daily Ledger'!$A:$A,"<"&EOMONTH($B8,0)+1) -> 0 | D8: =SUMIFS('Daily Ledger'!$AU:$AU,'Daily Ledger'!$A:$A,">="&$B8,'Daily Ledger'!$A:$A,"<"&EOMONTH($B8,0)+1) -> 0 | E8: =SUMIFS('Daily Ledger'!$AV:$AV,'Daily Ledger'!$A:$A,">="&$B8,'Daily Ledger'!$A:$A,"<"&EOMONTH($B8,0)+1) -> 0
B9: 46082 | C9: =SUMIFS('Daily Ledger'!$F:$F,'Daily Ledger'!$A:$A,">="&$B9,'Daily Ledger'!$A:$A,"<"&EOMONTH($B9,0)+1) -> 1531.71 | D9: =SUMIFS('Daily Ledger'!$AU:$AU,'Daily Ledger'!$A:$A,">="&$B9,'Daily Ledger'!$A:$A,"<"&EOMONTH($B9,0)+1) -> 1531.71 | E9: =SUMIFS('Daily Ledger'!$AV:$AV,'Daily Ledger'!$A:$A,">="&$B9,'Daily Ledger'!$A:$A,"<"&EOMONTH($B9,0)+1) -> 30634.2
B10: 46113 | C10: =SUMIFS('Daily Ledger'!$F:$F,'Daily Ledger'!$A:$A,">="&$B10,'Daily Ledger'!$A:$A,"<"&EOMONTH($B10,0)+1) -> 0 | D10: =SUMIFS('Daily Ledger'!$AU:$AU,'Daily Ledger'!$A:$A,">="&$B10,'Daily Ledger'!$A:$A,"<"&EOMONTH($B10,0)+1) -> 0 | E10: =SUMIFS('Daily Ledger'!$AV:$AV,'Daily Ledger'!$A:$A,">="&$B10,'Daily Ledger'!$A:$A,"<"&EOMONTH($B10,0)+1) -> 0
B11: 46143 | C11: =SUMIFS('Daily Ledger'!$F:$F,'Daily Ledger'!$A:$A,">="&$B11,'Daily Ledger'!$A:$A,"<"&EOMONTH($B11,0)+1) -> 0 | D11: =SUMIFS('Daily Ledger'!$AU:$AU,'Daily Ledger'!$A:$A,">="&$B11,'Daily Ledger'!$A:$A,"<"&EOMONTH($B11,0)+1) -> 0 | E11: =SUMIFS('Daily Ledger'!$AV:$AV,'Daily Ledger'!$A:$A,">="&$B11,'Daily Ledger'!$A:$A,"<"&EOMONTH($B11,0)+1) -> 0
B12: 46174 | C12: =SUMIFS('Daily Ledger'!$F:$F,'Daily Ledger'!$A:$A,">="&$B12,'Daily Ledger'!$A:$A,"<"&EOMONTH($B12,0)+1) -> 0 | D12: =SUMIFS('Daily Ledger'!$AU:$AU,'Daily Ledger'!$A:$A,">="&$B12,'Daily Ledger'!$A:$A,"<"&EOMONTH($B12,0)+1) -> 0 | E12: =SUMIFS('Daily Ledger'!$AV:$AV,'Daily Ledger'!$A:$A,">="&$B12,'Daily Ledger'!$A:$A,"<"&EOMONTH($B12,0)+1) -> 0
B13: 46204 | C13: =SUMIFS('Daily Ledger'!$F:$F,'Daily Ledger'!$A:$A,">="&$B13,'Daily Ledger'!$A:$A,"<"&EOMONTH($B13,0)+1) -> 956.18 | D13: =SUMIFS('Daily Ledger'!$AU:$AU,'Daily Ledger'!$A:$A,">="&$B13,'Daily Ledger'!$A:$A,"<"&EOMONTH($B13,0)+1) -> 386.58 | E13: =SUMIFS('Daily Ledger'!$AV:$AV,'Daily Ledger'!$A:$A,">="&$B13,'Daily Ledger'!$A:$A,"<"&EOMONTH($B13,0)+1) -> 7731.6
B14: 46235 | C14: =SUMIFS('Daily Ledger'!$F:$F,'Daily Ledger'!$A:$A,">="&$B14,'Daily Ledger'!$A:$A,"<"&EOMONTH($B14,0)+1) -> 0 | D14: =SUMIFS('Daily Ledger'!$AU:$AU,'Daily Ledger'!$A:$A,">="&$B14,'Daily Ledger'!$A:$A,"<"&EOMONTH($B14,0)+1) -> 0 | E14: =SUMIFS('Daily Ledger'!$AV:$AV,'Daily Ledger'!$A:$A,">="&$B14,'Daily Ledger'!$A:$A,"<"&EOMONTH($B14,0)+1) -> 0
B15: 46266 | C15: =SUMIFS('Daily Ledger'!$F:$F,'Daily Ledger'!$A:$A,">="&$B15,'Daily Ledger'!$A:$A,"<"&EOMONTH($B15,0)+1) -> 0 | D15: =SUMIFS('Daily Ledger'!$AU:$AU,'Daily Ledger'!$A:$A,">="&$B15,'Daily Ledger'!$A:$A,"<"&EOMONTH($B15,0)+1) -> 0 | E15: =SUMIFS('Daily Ledger'!$AV:$AV,'Daily Ledger'!$A:$A,">="&$B15,'Daily Ledger'!$A:$A,"<"&EOMONTH($B15,0)+1) -> 0
B16: 46296 | C16: =SUMIFS('Daily Ledger'!$F:$F,'Daily Ledger'!$A:$A,">="&$B16,'Daily Ledger'!$A:$A,"<"&EOMONTH($B16,0)+1) -> 0 | D16: =SUMIFS('Daily Ledger'!$AU:$AU,'Daily Ledger'!$A:$A,">="&$B16,'Daily Ledger'!$A:$A,"<"&EOMONTH($B16,0)+1) -> 0 | E16: =SUMIFS('Daily Ledger'!$AV:$AV,'Daily Ledger'!$A:$A,">="&$B16,'Daily Ledger'!$A:$A,"<"&EOMONTH($B16,0)+1) -> 0
... B18: 46357 | C18: =SUMIFS('Daily Ledger'!$F:$F,'Daily Ledger'!$A:$A,">="&$B18,'Daily Ledger'!$A:$A,"<"&EOMONTH($B18,0)+1) -> 0 | D18: =SUMIFS('Daily Ledger'!$AU:$AU,'Daily Ledger'!$A:$A,">="&$B18,'Daily Ledger'!$A:$A,"<"&EOMONTH($B18,0)+1) -> 0 | E18: =SUMIFS('Daily Ledger'!$AV:$AV,'Daily Ledger'!$A:$A,">="&$B18,'Daily Ledger'!$A:$A,"<"&EOMONTH($B18,0)+1) -> 0
B19: Total | C19: =SUM(C5:C18) -> 4314.235 | D19: =SUM(D5:D18) -> 3717.715 | E19: =SUM(E5:E18) -> 74354.3

Sheet Crusher wise Summary
B2: CRUSHER WISE SUMMARY (all dates)
B4: Crusher | C4: QTY (ton) | D4: Crusher Amount (₹) | E4: SUN Quary Amount (₹) | F4: Vehicle Rent (₹) | G4: Profit (₹)
B5: Outside site No Profit | C5: =SUMIFS('Daily Ledger'!$F:$F,'Daily Ledger'!$C:$C,$B5) -> 26.92 | D5: =SUMIFS('Daily Ledger'!$K:$K,'Daily Ledger'!$C:$C,$B5) -> 18844 | E5: =SUMIFS('Daily Ledger'!$L:$L,'Daily Ledger'!$C:$C,$B5) -> 18840 | F5: =SUMIFS('Daily Ledger'!$O:$O,'Daily Ledger'!$C:$C,$B5) -> 0 | G5: =D5-E5-F5 -> 4
B6: Titan Rocks | C6: =SUMIFS('Daily Ledger'!$F:$F,'Daily Ledger'!$C:$C,$B6) -> 30.22 | D6: =SUMIFS('Daily Ledger'!$K:$K,'Daily Ledger'!$C:$C,$B6) -> 19643 | E6: =SUMIFS('Daily Ledger'!$L:$L,'Daily Ledger'!$C:$C,$B6) -> 19340 | F6: =SUMIFS('Daily Ledger'!$O:$O,'Daily Ledger'!$C:$C,$B6) -> 0 | G6: =D6-E6-F6 -> 303
B7: MR Granites | C7: =SUMIFS('Daily Ledger'!$F:$F,'Daily Ledger'!$C:$C,$B7) -> 296.33 | D7: =SUMIFS('Daily Ledger'!$K:$K,'Daily Ledger'!$C:$C,$B7) -> 218726.5 | E7: =SUMIFS('Daily Ledger'!$L:$L,'Daily Ledger'!$C:$C,$B7) -> 188410 | F7: =SUMIFS('Daily Ledger'!$O:$O,'Daily Ledger'!$C:$C,$B7) -> 21452.2 | G7: =D7-E7-F7 -> 8864.3
B8: AVK | C8: =SUMIFS('Daily Ledger'!$F:$F,'Daily Ledger'!$C:$C,$B8) -> 644.14 | D8: =SUMIFS('Daily Ledger'!$K:$K,'Daily Ledger'!$C:$C,$B8) -> 579726 | E8: =SUMIFS('Daily Ledger'!$L:$L,'Daily Ledger'!$C:$C,$B8) -> 404510 | F8: =SUMIFS('Daily Ledger'!$O:$O,'Daily Ledger'!$C:$C,$B8) -> 153672.75 | G8: =D8-E8-F8 -> 21543.25
B9: AM Crusher | C9: =SUMIFS('Daily Ledger'!$F:$F,'Daily Ledger'!$C:$C,$B9) -> 0 | D9: =SUMIFS('Daily Ledger'!$K:$K,'Daily Ledger'!$C:$C,$B9) -> 0 | E9: =SUMIFS('Daily Ledger'!$L:$L,'Daily Ledger'!$C:$C,$B9) -> 0 | F9: =SUMIFS('Daily Ledger'!$O:$O,'Daily Ledger'!$C:$C,$B9) -> 0 | G9: =D9-E9-F9 -> 0
B10: Al Falah metal crusher | C10: =SUMIFS('Daily Ledger'!$F:$F,'Daily Ledger'!$C:$C,$B10) -> 194.12 | D10: =SUMIFS('Daily Ledger'!$K:$K,'Daily Ledger'!$C:$C,$B10) -> 168884.4 | E10: =SUMIFS('Daily Ledger'!$L:$L,'Daily Ledger'!$C:$C,$B10) -> 119410 | F10: =SUMIFS('Daily Ledger'!$O:$O,'Daily Ledger'!$C:$C,$B10) -> 41735.8 | G10: =D10-E10-F10 -> 7738.6
B11: Desinganad crusher | C11: =SUMIFS('Daily Ledger'!$F:$F,'Daily Ledger'!$C:$C,$B11) -> 161.5 | D11: =SUMIFS('Daily Ledger'!$K:$K,'Daily Ledger'!$C:$C,$B11) -> 141312.5 | E11: =SUMIFS('Daily Ledger'!$L:$L,'Daily Ledger'!$C:$C,$B11) -> 102350 | F11: =SUMIFS('Daily Ledger'!$O:$O,'Daily Ledger'!$C:$C,$B11) -> 33915 | G11: =D11-E11-F11 -> 5047.5
B12: Desinganad MR own crusher | C12: =SUMIFS('Daily Ledger'!$F:$F,'Daily Ledger'!$C:$C,$B12) -> 84.73 | D12: =SUMIFS('Daily Ledger'!$K:$K,'Daily Ledger'!$C:$C,$B12) -> 57192.75 | E12: =SUMIFS('Daily Ledger'!$L:$L,'Daily Ledger'!$C:$C,$B12) -> 52480 | F12: =SUMIFS('Daily Ledger'!$O:$O,'Daily Ledger'!$C:$C,$B12) -> 0 | G12: =D12-E12-F12 -> 4712.75
B13: Mavila crusher | C13: =SUMIFS('Daily Ledger'!$F:$F,'Daily Ledger'!$C:$C,$B13) -> 0 | D13: =SUMIFS('Daily Ledger'!$K:$K,'Daily Ledger'!$C:$C,$B13) -> 0 | E13: =SUMIFS('Daily Ledger'!$L:$L,'Daily Ledger'!$C:$C,$B13) -> 0 | F13: =SUMIFS('Daily Ledger'!$O:$O,'Daily Ledger'!$C:$C,$B13) -> 0 | G13: =D13-E13-F13 -> 0
B14: Thangalathu Crusher | C14: =SUMIFS('Daily Ledger'!$F:$F,'Daily Ledger'!$C:$C,$B14) -> 0 | D14: =SUMIFS('Daily Ledger'!$K:$K,'Daily Ledger'!$C:$C,$B14) -> 0 | E14: =SUMIFS('Daily Ledger'!$L:$L,'Daily Ledger'!$C:$C,$B14) -> 0 | F14: =SUMIFS('Daily Ledger'!$O:$O,'Daily Ledger'!$C:$C,$B14) -> 0 | G14: =D14-E14-F14 -> 0
B15: Arun Kaavuvila | C15: =SUMIFS('Daily Ledger'!$F:$F,'Daily Ledger'!$C:$C,$B15) -> 46.11 | D15: =SUMIFS('Daily Ledger'!$K:$K,'Daily Ledger'!$C:$C,$B15) -> 29971.5 | E15: =SUMIFS('Daily Ledger'!$L:$L,'Daily Ledger'!$C:$C,$B15) -> 28120 | F15: =SUMIFS('Daily Ledger'!$O:$O,'Daily Ledger'!$C:$C,$B15) -> 0 | G15: =D15-E15-F15 -> 1851.5
B16: Police Mahesh | C16: =SUMIFS('Daily Ledger'!$F:$F,'Daily Ledger'!$C:$C,$B16) -> 62.57 | D16: =SUMIFS('Daily Ledger'!$K:$K,'Daily Ledger'!$C:$C,$B16) -> 40670.5 | E16: =SUMIFS('Daily Ledger'!$L:$L,'Daily Ledger'!$C:$C,$B16) -> 39100 | F16: =SUMIFS('Daily Ledger'!$O:$O,'Daily Ledger'!$C:$C,$B16) -> 0 | G16: =D16-E16-F16 -> 1570.5
... B19: Kochammini | C19: =SUMIFS('Daily Ledger'!$F:$F,'Daily Ledger'!$C:$C,$B19) -> 2696.525 | D19: =SUMIFS('Daily Ledger'!$K:$K,'Daily Ledger'!$C:$C,$B19) -> 1739258.6 | E19: =SUMIFS('Daily Ledger'!$L:$L,'Daily Ledger'!$C:$C,$B19) -> 1668030 | F19: =SUMIFS('Daily Ledger'!$O:$O,'Daily Ledger'!$C:$C,$B19) -> 0 | G19: =D19-E19-F19 -> 71228.625
B20: Total | C20: =SUM(C5:C19) -> 4314.235 | D20: =SUM(D5:D19) -> 3062202 | E20: =SUM(E5:E19) -> 2686790 | F20: =SUM(F5:F19) -> 250775.75 | G20: =SUM(G5:G19) -> 124636.27

Sheet Crusher and Date summary
B2: =_xlfn.CONCAT("CRUSHER SUMMARY ",TEXT(B4,"dd-mmm-yy")) -> CRUSHER SUMMARY 29-Jul-26
B4: 46232 | C4: ← enter date here
B6: Crusher | C6: QTY (ton) | D6: Crusher Amount (₹) | E6: SUN Quary Amount (₹) | F6: Vehicle Rent (₹) | G6: Profit (₹)
B7: Outside site No Profit | C7: =SUMIFS('Daily Ledger'!$F:$F,'Daily Ledger'!$A:$A,$B$4,'Daily Ledger'!$C:$C,$B7) -> 0 | D7: =SUMIFS('Daily Ledger'!$K:$K,'Daily Ledger'!$A:$A,$B$4,'Daily Ledger'!$C:$C,$B7) -> 0 | E7: =SUMIFS('Daily Ledger'!$L:$L,'Daily Ledger'!$A:$A,$B$4,'Daily Ledger'!$C:$C,$B7) -> 0 | F7: =SUMIFS('Daily Ledger'!$O:$O,'Daily Ledger'!$A:$A,$B$4,'Daily Ledger'!$C:$C,$B7) -> 0 | G7: =D7-E7-F7 -> 0
B8: Titan Rocks | C8: =SUMIFS('Daily Ledger'!$F:$F,'Daily Ledger'!$A:$A,$B$4,'Daily Ledger'!$C:$C,$B8) -> 0 | D8: =SUMIFS('Daily Ledger'!$K:$K,'Daily Ledger'!$A:$A,$B$4,'Daily Ledger'!$C:$C,$B8) -> 0 | E8: =SUMIFS('Daily Ledger'!$L:$L,'Daily Ledger'!$A:$A,$B$4,'Daily Ledger'!$C:$C,$B8) -> 0 | F8: =SUMIFS('Daily Ledger'!$O:$O,'Daily Ledger'!$A:$A,$B$4,'Daily Ledger'!$C:$C,$B8) -> 0 | G8: =D8-E8-F8 -> 0
B9: MR Granites | C9: =SUMIFS('Daily Ledger'!$F:$F,'Daily Ledger'!$A:$A,$B$4,'Daily Ledger'!$C:$C,$B9) -> 166.89 | D9: =SUMIFS('Daily Ledger'!$K:$K,'Daily Ledger'!$A:$A,$B$4,'Daily Ledger'!$C:$C,$B9) -> 112650.75 | E9: =SUMIFS('Daily Ledger'!$L:$L,'Daily Ledger'!$A:$A,$B$4,'Daily Ledger'!$C:$C,$B9) -> 108480 | F9: =SUMIFS('Daily Ledger'!$O:$O,'Daily Ledger'!$A:$A,$B$4,'Daily Ledger'!$C:$C,$B9) -> 0 | G9: =D9-E9-F9 -> 4170.75
B10: AVK | C10: =SUMIFS('Daily Ledger'!$F:$F,'Daily Ledger'!$A:$A,$B$4,'Daily Ledger'!$C:$C,$B10) -> 277.87 | D10: =SUMIFS('Daily Ledger'!$K:$K,'Daily Ledger'!$A:$A,$B$4,'Daily Ledger'!$C:$C,$B10) -> 250083 | E10: =SUMIFS('Daily Ledger'!$L:$L,'Daily Ledger'!$A:$A,$B$4,'Daily Ledger'!$C:$C,$B10) -> 178150 | F10: =SUMIFS('Daily Ledger'!$O:$O,'Daily Ledger'!$A:$A,$B$4,'Daily Ledger'!$C:$C,$B10) -> 62105.25 | G10: =D10-E10-F10 -> 9827.75
B11: AM Crusher | C11: =SUMIFS('Daily Ledger'!$F:$F,'Daily Ledger'!$A:$A,$B$4,'Daily Ledger'!$C:$C,$B11) -> 0 | D11: =SUMIFS('Daily Ledger'!$K:$K,'Daily Ledger'!$A:$A,$B$4,'Daily Ledger'!$C:$C,$B11) -> 0 | E11: =SUMIFS('Daily Ledger'!$L:$L,'Daily Ledger'!$A:$A,$B$4,'Daily Ledger'!$C:$C,$B11) -> 0 | F11: =SUMIFS('Daily Ledger'!$O:$O,'Daily Ledger'!$A:$A,$B$4,'Daily Ledger'!$C:$C,$B11) -> 0 | G11: =D11-E11-F11 -> 0
B12: Al Falah metal crusher | C12: =SUMIFS('Daily Ledger'!$F:$F,'Daily Ledger'!$A:$A,$B$4,'Daily Ledger'!$C:$C,$B12) -> 194.12 | D12: =SUMIFS('Daily Ledger'!$K:$K,'Daily Ledger'!$A:$A,$B$4,'Daily Ledger'!$C:$C,$B12) -> 168884.4 | E12: =SUMIFS('Daily Ledger'!$L:$L,'Daily Ledger'!$A:$A,$B$4,'Daily Ledger'!$C:$C,$B12) -> 119410 | F12: =SUMIFS('Daily Ledger'!$O:$O,'Daily Ledger'!$A:$A,$B$4,'Daily Ledger'!$C:$C,$B12) -> 41735.8 | G12: =D12-E12-F12 -> 7738.6
B13: Desinganad crusher | C13: =SUMIFS('Daily Ledger'!$F:$F,'Daily Ledger'!$A:$A,$B$4,'Daily Ledger'!$C:$C,$B13) -> 161.5 | D13: =SUMIFS('Daily Ledger'!$K:$K,'Daily Ledger'!$A:$A,$B$4,'Daily Ledger'!$C:$C,$B13) -> 141312.5 | E13: =SUMIFS('Daily Ledger'!$L:$L,'Daily Ledger'!$A:$A,$B$4,'Daily Ledger'!$C:$C,$B13) -> 102350 | F13: =SUMIFS('Daily Ledger'!$O:$O,'Daily Ledger'!$A:$A,$B$4,'Daily Ledger'!$C:$C,$B13) -> 33915 | G13: =D13-E13-F13 -> 5047.5
B14: Desinganad MR own crusher | C14: =SUMIFS('Daily Ledger'!$F:$F,'Daily Ledger'!$A:$A,$B$4,'Daily Ledger'!$C:$C,$B14) -> 84.73 | D14: =SUMIFS('Daily Ledger'!$K:$K,'Daily Ledger'!$A:$A,$B$4,'Daily Ledger'!$C:$C,$B14) -> 57192.75 | E14: =SUMIFS('Daily Ledger'!$L:$L,'Daily Ledger'!$A:$A,$B$4,'Daily Ledger'!$C:$C,$B14) -> 52480 | F14: =SUMIFS('Daily Ledger'!$O:$O,'Daily Ledger'!$A:$A,$B$4,'Daily Ledger'!$C:$C,$B14) -> 0 | G14: =D14-E14-F14 -> 4712.75
B15: Mavila crusher | C15: =SUMIFS('Daily Ledger'!$F:$F,'Daily Ledger'!$A:$A,$B$4,'Daily Ledger'!$C:$C,$B15) -> 0 | D15: =SUMIFS('Daily Ledger'!$K:$K,'Daily Ledger'!$A:$A,$B$4,'Daily Ledger'!$C:$C,$B15) -> 0 | E15: =SUMIFS('Daily Ledger'!$L:$L,'Daily Ledger'!$A:$A,$B$4,'Daily Ledger'!$C:$C,$B15) -> 0 | F15: =SUMIFS('Daily Ledger'!$O:$O,'Daily Ledger'!$A:$A,$B$4,'Daily Ledger'!$C:$C,$B15) -> 0 | G15: =D15-E15-F15 -> 0
B16: Thangalathu Crusher | C16: =SUMIFS('Daily Ledger'!$F:$F,'Daily Ledger'!$A:$A,$B$4,'Daily Ledger'!$C:$C,$B16) -> 0 | D16: =SUMIFS('Daily Ledger'!$K:$K,'Daily Ledger'!$A:$A,$B$4,'Daily Ledger'!$C:$C,$B16) -> 0 | E16: =SUMIFS('Daily Ledger'!$L:$L,'Daily Ledger'!$A:$A,$B$4,'Daily Ledger'!$C:$C,$B16) -> 0 | F16: =SUMIFS('Daily Ledger'!$O:$O,'Daily Ledger'!$A:$A,$B$4,'Daily Ledger'!$C:$C,$B16) -> 0 | G16: =D16-E16-F16 -> 0
B17: Arun Kaavuvila | C17: =SUMIFS('Daily Ledger'!$F:$F,'Daily Ledger'!$A:$A,$B$4,'Daily Ledger'!$C:$C,$B17) -> 0 | D17: =SUMIFS('Daily Ledger'!$K:$K,'Daily Ledger'!$A:$A,$B$4,'Daily Ledger'!$C:$C,$B17) -> 0 | E17: =SUMIFS('Daily Ledger'!$L:$L,'Daily Ledger'!$A:$A,$B$4,'Daily Ledger'!$C:$C,$B17) -> 0 | F17: =SUMIFS('Daily Ledger'!$O:$O,'Daily Ledger'!$A:$A,$B$4,'Daily Ledger'!$C:$C,$B17) -> 0 | G17: =D17-E17-F17 -> 0
B18: Police Mahesh | C18: =SUMIFS('Daily Ledger'!$F:$F,'Daily Ledger'!$A:$A,$B$4,'Daily Ledger'!$C:$C,$B18) -> 0 | D18: =SUMIFS('Daily Ledger'!$K:$K,'Daily Ledger'!$A:$A,$B$4,'Daily Ledger'!$C:$C,$B18) -> 0 | E18: =SUMIFS('Daily Ledger'!$L:$L,'Daily Ledger'!$A:$A,$B$4,'Daily Ledger'!$C:$C,$B18) -> 0 | F18: =SUMIFS('Daily Ledger'!$O:$O,'Daily Ledger'!$A:$A,$B$4,'Daily Ledger'!$C:$C,$B18) -> 0 | G18: =D18-E18-F18 -> 0
... B21: Kochammini | C21: =SUMIFS('Daily Ledger'!$F:$F,'Daily Ledger'!$A:$A,$B$4,'Daily Ledger'!$C:$C,$B21) -> 0 | D21: =SUMIFS('Daily Ledger'!$K:$K,'Daily Ledger'!$A:$A,$B$4,'Daily Ledger'!$C:$C,$B21) -> 0 | E21: =SUMIFS('Daily Ledger'!$L:$L,'Daily Ledger'!$A:$A,$B$4,'Daily Ledger'!$C:$C,$B21) -> 0 | F21: =SUMIFS('Daily Ledger'!$O:$O,'Daily Ledger'!$A:$A,$B$4,'Daily Ledger'!$C:$C,$B21) -> 0 | G21: =D21-E21-F21 -> 0
B22: Total | C22: =SUM(C7:C21) -> 956.18 | D22: =SUM(D7:D21) -> 778095.65 | E22: =SUM(E7:E21) -> 607070 | F22: =SUM(F7:F21) -> 137756.05 | G22: =SUM(G7:G21) -> 33269.6
